RIL_Start,end,name,score,strand,file
NC_029256.1_174497,174500,mPing|non-reference|NA|nR158-L2-G2-P33-CGTGCTGG-CGATCAGC-READ1|relocate2|sr|1,0,+,nR158-L2-G2-P33-CGTGCTGG-CGATCAGC-READ1_relocate2_nonredundant.bed
NC_029256.1_214352,214355,mPing|non-reference|NA|nR158-L2-G2-P33-CGTGCTGG-CGATCAGC-READ1|relocate2|sr|2,0,+,nR158-L2-G2-P33-CGTGCTGG-CGATCAGC-READ1_relocate2_nonredundant.bed
NC_029256.1_316534,316537,mPing|non-reference|NA|nR158-L2-G2-P33-CGTGCTGG-CGATCAGC-READ1|relocate2|sr|3,0,-,nR158-L2-G2-P33-CGTGCTGG-CGATCAGC-READ1_relocate2_nonredundant.bed
NC_029256.1_1193504,1193507,mPing|non-reference|NA|nR158-L2-G2-P33-CGTGCTGG-CGATCAGC-READ1|relocate2|sr|4,0,+,nR158-L2-G2-P33-CGTGCTGG-CGATCAGC-READ1_relocate2_nonredundant.bed
NC_029256.1_1374936,1374939,mPing|non-reference|NA|nR158-L2-G2-P33-CGTGCTGG-CGATCAGC-READ1|relocate2|sr|5,0,+,nR158-L2-G2-P33-CGTGCTGG-CGATCAGC-READ1_relocate2_nonredundant.bed
NC_029256.1_6013623,6013626,mPing|non-reference|NA|nR158-L2-G2-P33-CGTGCTGG-CGATCAGC-READ1|relocate2|sr|6,0,+,nR158-L2-G2-P33-CGTGCTGG-CGATCAGC-READ1_relocate2_nonredundant.bed
NC_029256.1_6172232,6172235,mPing|non-reference|NA|nR158-L2-G2-P33-CGTGCTGG-CGATCAGC-READ1|relocate2|sr|7,0,+,nR158-L2-G2-P33-CGTGCTGG-CGATCAGC-READ1_relocate2_nonredundant.bed
NC_029256.1_6322807,6322810,mPing|non-reference|NA|nR158-L2-G2-P33-CGTGCTGG-CGATCAGC-READ1|relocate2|sr|8,0,-,nR158-L2-G2-P33-CGTGCTGG-CGATCAGC-READ1_relocate2_nonredundant.bed
NC_029256.1_6806760,6806763,mPing|non-reference|NA|nR158-L2-G2-P33-CGTGCTGG-CGATCAGC-READ1|relocate2|sr|9,0,-,nR158-L2-G2-P33-CGTGCTGG-CGATCAGC-READ1_relocate2_nonredundant.bed
NC_029256.1_6816414,6816417,mPing|non-reference|NA|nR158-L2-G2-P33-CGTGCTGG-CGATCAGC-READ1|relocate2|sr|10,0,-,nR158-L2-G2-P33-CGTGCTGG-CGATCAGC-READ1_relocate2_nonredundant.bed
NC_029256.1_6864903,6864906,mPing|non-reference|NA|nR158-L2-G2-P33-CGTGCTGG-CGATCAGC-READ1|relocate2|sr|11,0,-,nR158-L2-G2-P33-CGTGCTGG-CGATCAGC-READ1_relocate2_nonredundant.bed
NC_029256.1_7514414,7514417,mPing|non-reference|NA|nR158-L2-G2-P33-CGTGCTGG-CGATCAGC-READ1|relocate2|sr|12,0,+,nR158-L2-G2-P33-CGTGCTGG-CGATCAGC-READ1_relocate2_nonredundant.bed
NC_029256.1_7587835,7587838,mPing|non-reference|NA|nR158-L2-G2-P33-CGTGCTGG-CGATCAGC-READ1|relocate2|sr|13,0,+,nR158-L2-G2-P33-CGTGCTGG-CGATCAGC-READ1_relocate2_nonredundant.bed
NC_029256.1_7739100,7739103,mPing|non-reference|NA|nR158-L2-G2-P33-CGTGCTGG-CGATCAGC-READ1|relocate2|sr|14,0,+,nR158-L2-G2-P33-CGTGCTGG-CGATCAGC-READ1_relocate2_nonredundant.bed
NC_029256.1_8083871,8083874,mPing|non-reference|NA|nR158-L2-G2-P33-CGTGCTGG-CGATCAGC-READ1|relocate2|sr|15,0,+,nR158-L2-G2-P33-CGTGCTGG-CGATCAGC-READ1_relocate2_nonredundant.bed
NC_029256.1_8392201,8392204,mPing|non-reference|NA|nR158-L2-G2-P33-CGTGCTGG-CGATCAGC-READ1|relocate2|sr|16,0,+,nR158-L2-G2-P33-CGTGCTGG-CGATCAGC-READ1_relocate2_nonredundant.bed
NC_029256.1_8479731,8479734,mPing|non-reference|NA|nR158-L2-G2-P33-CGTGCTGG-CGATCAGC-READ1|relocate2|sr|17,0,-,nR158-L2-G2-P33-CGTGCTGG-CGATCAGC-READ1_relocate2_nonredundant.bed
NC_029256.1_8750743,8750746,mPing|non-reference|NA|nR158-L2-G2-P33-CGTGCTGG-CGATCAGC-READ1|relocate2|sr|18,0,+,nR158-L2-G2-P33-CGTGCTGG-CGATCAGC-READ1_relocate2_nonredundant.bed
NC_029256.1_8984850,8984853,mPing|non-reference|NA|nR158-L2-G2-P33-CGTGCTGG-CGATCAGC-READ1|relocate2|sr|19,0,+,nR158-L2-G2-P33-CGTGCTGG-CGATCAGC-READ1_relocate2_nonredundant.bed
NC_029256.1_9142464,9142467,mPing|non-reference|NA|nR158-L2-G2-P33-CGTGCTGG-CGATCAGC-READ1|relocate2|sr|20,0,-,nR158-L2-G2-P33-CGTGCTGG-CGATCAGC-READ1_relocate2_nonredundant.bed
NC_029256.1_9146586,9146589,mPing|non-reference|NA|nR158-L2-G2-P33-CGTGCTGG-CGATCAGC-READ1|relocate2|sr|21,0,-,nR158-L2-G2-P33-CGTGCTGG-CGATCAGC-READ1_relocate2_nonredundant.bed
NC_029256.1_9510987,9510990,mPing|non-reference|NA|nR158-L2-G2-P33-CGTGCTGG-CGATCAGC-READ1|relocate2|sr|22,0,+,nR158-L2-G2-P33-CGTGCTGG-CGATCAGC-READ1_relocate2_nonredundant.bed
NC_029256.1_9553319,9553322,mPing|non-reference|NA|nR158-L2-G2-P33-CGTGCTGG-CGATCAGC-READ1|relocate2|sr|23,0,+,nR158-L2-G2-P33-CGTGCTGG-CGATCAGC-READ1_relocate2_nonredundant.bed
NC_029256.1_9581604,9581607,mPing|non-reference|NA|nR158-L2-G2-P33-CGTGCTGG-CGATCAGC-READ1|relocate2|sr|24,0,+,nR158-L2-G2-P33-CGTGCTGG-CGATCAGC-READ1_relocate2_nonredundant.bed
NC_029256.1_9854680,9854683,mPing|non-reference|NA|nR158-L2-G2-P33-CGTGCTGG-CGATCAGC-READ1|relocate2|sr|25,0,-,nR158-L2-G2-P33-CGTGCTGG-CGATCAGC-READ1_relocate2_nonredundant.bed
NC_029256.1_10903900,10903903,mPing|non-reference|NA|nR158-L2-G2-P33-CGTGCTGG-CGATCAGC-READ1|relocate2|sr|26,0,-,nR158-L2-G2-P33-CGTGCTGG-CGATCAGC-READ1_relocate2_nonredundant.bed
NC_029256.1_11226134,11226137,mPing|non-reference|NA|nR158-L2-G2-P33-CGTGCTGG-CGATCAGC-READ1|relocate2|sr|27,0,+,nR158-L2-G2-P33-CGTGCTGG-CGATCAGC-READ1_relocate2_nonredundant.bed
NC_029256.1_13418286,13418289,mPing|non-reference|NA|nR158-L2-G2-P33-CGTGCTGG-CGATCAGC-READ1|relocate2|sr|28,0,-,nR158-L2-G2-P33-CGTGCTGG-CGATCAGC-READ1_relocate2_nonredundant.bed
NC_029256.1_13988867,13988870,mPing|non-reference|NA|nR158-L2-G2-P33-CGTGCTGG-CGATCAGC-READ1|relocate2|sr|29,0,-,nR158-L2-G2-P33-CGTGCTGG-CGATCAGC-READ1_relocate2_nonredundant.bed
NC_029256.1_15512723,15512726,mPing|non-reference|NA|nR158-L2-G2-P33-CGTGCTGG-CGATCAGC-READ1|relocate2|sr|30,0,+,nR158-L2-G2-P33-CGTGCTGG-CGATCAGC-READ1_relocate2_nonredundant.bed
NC_029256.1_16327643,16327646,mPing|non-reference|NA|nR158-L2-G2-P33-CGTGCTGG-CGATCAGC-READ1|relocate2|sr|31,0,+,nR158-L2-G2-P33-CGTGCTGG-CGATCAGC-READ1_relocate2_nonredundant.bed
NC_029256.1_16518914,16518917,mPing|non-reference|NA|nR158-L2-G2-P33-CGTGCTGG-CGATCAGC-READ1|relocate2|sr|32,0,+,nR158-L2-G2-P33-CGTGCTGG-CGATCAGC-READ1_relocate2_nonredundant.bed
NC_029256.1_20599334,20599337,mPing|non-reference|NA|nR158-L2-G2-P33-CGTGCTGG-CGATCAGC-READ1|relocate2|sr|33,0,+,nR158-L2-G2-P33-CGTGCTGG-CGATCAGC-READ1_relocate2_nonredundant.bed
NC_029256.1_21565699,21565702,mPing|non-reference|NA|nR158-L2-G2-P33-CGTGCTGG-CGATCAGC-READ1|relocate2|sr|34,0,+,nR158-L2-G2-P33-CGTGCTGG-CGATCAGC-READ1_relocate2_nonredundant.bed
NC_029256.1_22415874,22415877,mPing|non-reference|NA|nR158-L2-G2-P33-CGTGCTGG-CGATCAGC-READ1|relocate2|sr|35,0,+,nR158-L2-G2-P33-CGTGCTGG-CGATCAGC-READ1_relocate2_nonredundant.bed
NC_029256.1_23188885,23188888,mPing|non-reference|NA|nR158-L2-G2-P33-CGTGCTGG-CGATCAGC-READ1|relocate2|sr|36,0,-,nR158-L2-G2-P33-CGTGCTGG-CGATCAGC-READ1_relocate2_nonredundant.bed
NC_029256.1_24082897,24082900,mPing|non-reference|NA|nR158-L2-G2-P33-CGTGCTGG-CGATCAGC-READ1|relocate2|sr|37,0,-,nR158-L2-G2-P33-CGTGCTGG-CGATCAGC-READ1_relocate2_nonredundant.bed
NC_029256.1_24181479,24181482,mPing|non-reference|NA|nR158-L2-G2-P33-CGTGCTGG-CGATCAGC-READ1|relocate2|sr|38,0,+,nR158-L2-G2-P33-CGTGCTGG-CGATCAGC-READ1_relocate2_nonredundant.bed
NC_029256.1_24252949,24252952,mPing|non-reference|NA|nR158-L2-G2-P33-CGTGCTGG-CGATCAGC-READ1|relocate2|sr|39,0,-,nR158-L2-G2-P33-CGTGCTGG-CGATCAGC-READ1_relocate2_nonredundant.bed
NC_029256.1_24908692,24908695,mPing|non-reference|NA|nR158-L2-G2-P33-CGTGCTGG-CGATCAGC-READ1|relocate2|sr|40,0,+,nR158-L2-G2-P33-CGTGCTGG-CGATCAGC-READ1_relocate2_nonredundant.bed
NC_029256.1_25086304,25086307,mPing|non-reference|NA|nR158-L2-G2-P33-CGTGCTGG-CGATCAGC-READ1|relocate2|sr|41,0,-,nR158-L2-G2-P33-CGTGCTGG-CGATCAGC-READ1_relocate2_nonredundant.bed
NC_029256.1_25281770,25281773,mPing|non-reference|NA|nR158-L2-G2-P33-CGTGCTGG-CGATCAGC-READ1|relocate2|sr|42,0,+,nR158-L2-G2-P33-CGTGCTGG-CGATCAGC-READ1_relocate2_nonredundant.bed
NC_029256.1_26106793,26106796,mPing|non-reference|NA|nR158-L2-G2-P33-CGTGCTGG-CGATCAGC-READ1|relocate2|sr|43,0,-,nR158-L2-G2-P33-CGTGCTGG-CGATCAGC-READ1_relocate2_nonredundant.bed
NC_029256.1_26205753,26205756,mPing|non-reference|NA|nR158-L2-G2-P33-CGTGCTGG-CGATCAGC-READ1|relocate2|sr|44,0,+,nR158-L2-G2-P33-CGTGCTGG-CGATCAGC-READ1_relocate2_nonredundant.bed
NC_029256.1_28490064,28490067,mPing|non-reference|NA|nR158-L2-G2-P33-CGTGCTGG-CGATCAGC-READ1|relocate2|sr|45,0,+,nR158-L2-G2-P33-CGTGCTGG-CGATCAGC-READ1_relocate2_nonredundant.bed
NC_029256.1_29935735,29935738,mPing|non-reference|NA|nR158-L2-G2-P33-CGTGCTGG-CGATCAGC-READ1|relocate2|sr|46,0,-,nR158-L2-G2-P33-CGTGCTGG-CGATCAGC-READ1_relocate2_nonredundant.bed
NC_029256.1_30895564,30895567,mPing|non-reference|NA|nR158-L2-G2-P33-CGTGCTGG-CGATCAGC-READ1|relocate2|sr|47,0,-,nR158-L2-G2-P33-CGTGCTGG-CGATCAGC-READ1_relocate2_nonredundant.bed
NC_029256.1_30897374,30897377,mPing|non-reference|NA|nR158-L2-G2-P33-CGTGCTGG-CGATCAGC-READ1|relocate2|sr|48,0,+,nR158-L2-G2-P33-CGTGCTGG-CGATCAGC-READ1_relocate2_nonredundant.bed
NC_029256.1_31340202,31340205,mPing|non-reference|NA|nR158-L2-G2-P33-CGTGCTGG-CGATCAGC-READ1|relocate2|sr|49,0,+,nR158-L2-G2-P33-CGTGCTGG-CGATCAGC-READ1_relocate2_nonredundant.bed
NC_029256.1_31556969,31556972,mPing|non-reference|NA|nR158-L2-G2-P33-CGTGCTGG-CGATCAGC-READ1|relocate2|sr|50,0,+,nR158-L2-G2-P33-CGTGCTGG-CGATCAGC-READ1_relocate2_nonredundant.bed
NC_029256.1_32042994,32042997,mPing|non-reference|NA|nR158-L2-G2-P33-CGTGCTGG-CGATCAGC-READ1|relocate2|sr|51,0,-,nR158-L2-G2-P33-CGTGCTGG-CGATCAGC-READ1_relocate2_nonredundant.bed
NC_029256.1_32293359,32293362,mPing|non-reference|NA|nR158-L2-G2-P33-CGTGCTGG-CGATCAGC-READ1|relocate2|sr|52,0,+,nR158-L2-G2-P33-CGTGCTGG-CGATCAGC-READ1_relocate2_nonredundant.bed
NC_029256.1_33763891,33763894,mPing|non-reference|NA|nR158-L2-G2-P33-CGTGCTGG-CGATCAGC-READ1|relocate2|sr|53,0,+,nR158-L2-G2-P33-CGTGCTGG-CGATCAGC-READ1_relocate2_nonredundant.bed
NC_029256.1_33766061,33766064,mPing|non-reference|NA|nR158-L2-G2-P33-CGTGCTGG-CGATCAGC-READ1|relocate2|sr|54,0,+,nR158-L2-G2-P33-CGTGCTGG-CGATCAGC-READ1_relocate2_nonredundant.bed
NC_029256.1_34086311,34086314,mPing|non-reference|NA|nR158-L2-G2-P33-CGTGCTGG-CGATCAGC-READ1|relocate2|sr|55,0,+,nR158-L2-G2-P33-CGTGCTGG-CGATCAGC-READ1_relocate2_nonredundant.bed
NC_029256.1_34281435,34281438,mPing|non-reference|NA|nR158-L2-G2-P33-CGTGCTGG-CGATCAGC-READ1|relocate2|sr|56,0,-,nR158-L2-G2-P33-CGTGCTGG-CGATCAGC-READ1_relocate2_nonredundant.bed
NC_029256.1_34666357,34666360,mPing|non-reference|NA|nR158-L2-G2-P33-CGTGCTGG-CGATCAGC-READ1|relocate2|sr|57,0,+,nR158-L2-G2-P33-CGTGCTGG-CGATCAGC-READ1_relocate2_nonredundant.bed
NC_029256.1_35136769,35136772,mPing|non-reference|NA|nR158-L2-G2-P33-CGTGCTGG-CGATCAGC-READ1|relocate2|sr|58,0,-,nR158-L2-G2-P33-CGTGCTGG-CGATCAGC-READ1_relocate2_nonredundant.bed
NC_029256.1_35200488,35200491,mPing|non-reference|NA|nR158-L2-G2-P33-CGTGCTGG-CGATCAGC-READ1|relocate2|sr|59,0,-,nR158-L2-G2-P33-CGTGCTGG-CGATCAGC-READ1_relocate2_nonredundant.bed
NC_029256.1_35588614,35588617,mPing|non-reference|NA|nR158-L2-G2-P33-CGTGCTGG-CGATCAGC-READ1|relocate2|sr|60,0,+,nR158-L2-G2-P33-CGTGCTGG-CGATCAGC-READ1_relocate2_nonredundant.bed
NC_029256.1_35936947,35936950,mPing|non-reference|NA|nR158-L2-G2-P33-CGTGCTGG-CGATCAGC-READ1|relocate2|sr|61,0,+,nR158-L2-G2-P33-CGTGCTGG-CGATCAGC-READ1_relocate2_nonredundant.bed
NC_029256.1_36757056,36757059,mPing|non-reference|NA|nR158-L2-G2-P33-CGTGCTGG-CGATCAGC-READ1|relocate2|sr|62,0,+,nR158-L2-G2-P33-CGTGCTGG-CGATCAGC-READ1_relocate2_nonredundant.bed
NC_029256.1_36796589,36796592,mPing|non-reference|NA|nR158-L2-G2-P33-CGTGCTGG-CGATCAGC-READ1|relocate2|sr|63,0,+,nR158-L2-G2-P33-CGTGCTGG-CGATCAGC-READ1_relocate2_nonredundant.bed
NC_029256.1_37534439,37534442,mPing|non-reference|NA|nR158-L2-G2-P33-CGTGCTGG-CGATCAGC-READ1|relocate2|sr|64,0,+,nR158-L2-G2-P33-CGTGCTGG-CGATCAGC-READ1_relocate2_nonredundant.bed
NC_029256.1_37608003,37608006,mPing|non-reference|NA|nR158-L2-G2-P33-CGTGCTGG-CGATCAGC-READ1|relocate2|sr|65,0,-,nR158-L2-G2-P33-CGTGCTGG-CGATCAGC-READ1_relocate2_nonredundant.bed
NC_029256.1_37828360,37828363,mPing|non-reference|NA|nR158-L2-G2-P33-CGTGCTGG-CGATCAGC-READ1|relocate2|sr|66,0,+,nR158-L2-G2-P33-CGTGCTGG-CGATCAGC-READ1_relocate2_nonredundant.bed
NC_029256.1_38079778,38079781,mPing|non-reference|NA|nR158-L2-G2-P33-CGTGCTGG-CGATCAGC-READ1|relocate2|sr|67,0,-,nR158-L2-G2-P33-CGTGCTGG-CGATCAGC-READ1_relocate2_nonredundant.bed
NC_029256.1_38092037,38092040,mPing|non-reference|NA|nR158-L2-G2-P33-CGTGCTGG-CGATCAGC-READ1|relocate2|sr|68,0,+,nR158-L2-G2-P33-CGTGCTGG-CGATCAGC-READ1_relocate2_nonredundant.bed
NC_029256.1_38092618,38092621,mPing|non-reference|NA|nR158-L2-G2-P33-CGTGCTGG-CGATCAGC-READ1|relocate2|sr|69,0,-,nR158-L2-G2-P33-CGTGCTGG-CGATCAGC-READ1_relocate2_nonredundant.bed
NC_029256.1_38193461,38193464,mPing|non-reference|NA|nR158-L2-G2-P33-CGTGCTGG-CGATCAGC-READ1|relocate2|sr|70,0,+,nR158-L2-G2-P33-CGTGCTGG-CGATCAGC-READ1_relocate2_nonredundant.bed
NC_029256.1_38242705,38242708,mPing|non-reference|NA|nR158-L2-G2-P33-CGTGCTGG-CGATCAGC-READ1|relocate2|sr|71,0,-,nR158-L2-G2-P33-CGTGCTGG-CGATCAGC-READ1_relocate2_nonredundant.bed
NC_029256.1_38636691,38636694,mPing|non-reference|NA|nR158-L2-G2-P33-CGTGCTGG-CGATCAGC-READ1|relocate2|sr|72,0,-,nR158-L2-G2-P33-CGTGCTGG-CGATCAGC-READ1_relocate2_nonredundant.bed
NC_029256.1_38674214,38674217,mPing|non-reference|NA|nR158-L2-G2-P33-CGTGCTGG-CGATCAGC-READ1|relocate2|sr|73,0,-,nR158-L2-G2-P33-CGTGCTGG-CGATCAGC-READ1_relocate2_nonredundant.bed
NC_029256.1_38859875,38859878,mPing|non-reference|NA|nR158-L2-G2-P33-CGTGCTGG-CGATCAGC-READ1|relocate2|sr|74,0,-,nR158-L2-G2-P33-CGTGCTGG-CGATCAGC-READ1_relocate2_nonredundant.bed
NC_029256.1_38898354,38898357,mPing|non-reference|NA|nR158-L2-G2-P33-CGTGCTGG-CGATCAGC-READ1|relocate2|sr|75,0,+,nR158-L2-G2-P33-CGTGCTGG-CGATCAGC-READ1_relocate2_nonredundant.bed
NC_029256.1_39147393,39147396,mPing|non-reference|NA|nR158-L2-G2-P33-CGTGCTGG-CGATCAGC-READ1|relocate2|sr|76,0,+,nR158-L2-G2-P33-CGTGCTGG-CGATCAGC-READ1_relocate2_nonredundant.bed
NC_029256.1_39212319,39212322,mPing|non-reference|NA|nR158-L2-G2-P33-CGTGCTGG-CGATCAGC-READ1|relocate2|sr|77,0,+,nR158-L2-G2-P33-CGTGCTGG-CGATCAGC-READ1_relocate2_nonredundant.bed
NC_029256.1_39543337,39543340,mPing|non-reference|NA|nR158-L2-G2-P33-CGTGCTGG-CGATCAGC-READ1|relocate2|sr|78,0,-,nR158-L2-G2-P33-CGTGCTGG-CGATCAGC-READ1_relocate2_nonredundant.bed
NC_029256.1_39957256,39957259,mPing|non-reference|NA|nR158-L2-G2-P33-CGTGCTGG-CGATCAGC-READ1|relocate2|sr|79,0,+,nR158-L2-G2-P33-CGTGCTGG-CGATCAGC-READ1_relocate2_nonredundant.bed
NC_029256.1_40262215,40262218,mPing|non-reference|NA|nR158-L2-G2-P33-CGTGCTGG-CGATCAGC-READ1|relocate2|sr|80,0,+,nR158-L2-G2-P33-CGTGCTGG-CGATCAGC-READ1_relocate2_nonredundant.bed
NC_029256.1_40984350,40984353,mPing|non-reference|NA|nR158-L2-G2-P33-CGTGCTGG-CGATCAGC-READ1|relocate2|sr|81,0,-,nR158-L2-G2-P33-CGTGCTGG-CGATCAGC-READ1_relocate2_nonredundant.bed
NC_029256.1_42023271,42023274,mPing|non-reference|NA|nR158-L2-G2-P33-CGTGCTGG-CGATCAGC-READ1|relocate2|sr|82,0,+,nR158-L2-G2-P33-CGTGCTGG-CGATCAGC-READ1_relocate2_nonredundant.bed
NC_029256.1_42320293,42320296,mPing|non-reference|NA|nR158-L2-G2-P33-CGTGCTGG-CGATCAGC-READ1|relocate2|sr|83,0,+,nR158-L2-G2-P33-CGTGCTGG-CGATCAGC-READ1_relocate2_nonredundant.bed
NC_029257.1_458589,458592,mPing|non-reference|NA|nR158-L2-G2-P33-CGTGCTGG-CGATCAGC-READ1|relocate2|sr|84,0,+,nR158-L2-G2-P33-CGTGCTGG-CGATCAGC-READ1_relocate2_nonredundant.bed
NC_029257.1_539694,539697,mPing|non-reference|NA|nR158-L2-G2-P33-CGTGCTGG-CGATCAGC-READ1|relocate2|sr|85,0,-,nR158-L2-G2-P33-CGTGCTGG-CGATCAGC-READ1_relocate2_nonredundant.bed
NC_029257.1_3502593,3502596,mPing|non-reference|NA|nR158-L2-G2-P33-CGTGCTGG-CGATCAGC-READ1|relocate2|sr|86,0,+,nR158-L2-G2-P33-CGTGCTGG-CGATCAGC-READ1_relocate2_nonredundant.bed
NC_029257.1_4012489,4012492,mPing|non-reference|NA|nR158-L2-G2-P33-CGTGCTGG-CGATCAGC-READ1|relocate2|sr|87,0,-,nR158-L2-G2-P33-CGTGCTGG-CGATCAGC-READ1_relocate2_nonredundant.bed
NC_029257.1_5856419,5856422,mPing|non-reference|NA|nR158-L2-G2-P33-CGTGCTGG-CGATCAGC-READ1|relocate2|sr|88,0,-,nR158-L2-G2-P33-CGTGCTGG-CGATCAGC-READ1_relocate2_nonredundant.bed
NC_029257.1_6544712,6544715,mPing|non-reference|NA|nR158-L2-G2-P33-CGTGCTGG-CGATCAGC-READ1|relocate2|sr|89,0,-,nR158-L2-G2-P33-CGTGCTGG-CGATCAGC-READ1_relocate2_nonredundant.bed
NC_029257.1_7113419,7113422,mPing|non-reference|NA|nR158-L2-G2-P33-CGTGCTGG-CGATCAGC-READ1|relocate2|sr|90,0,+,nR158-L2-G2-P33-CGTGCTGG-CGATCAGC-READ1_relocate2_nonredundant.bed
NC_029257.1_7248627,7248630,mPing|non-reference|NA|nR158-L2-G2-P33-CGTGCTGG-CGATCAGC-READ1|relocate2|sr|91,0,-,nR158-L2-G2-P33-CGTGCTGG-CGATCAGC-READ1_relocate2_nonredundant.bed
NC_029257.1_7346135,7346138,mPing|non-reference|NA|nR158-L2-G2-P33-CGTGCTGG-CGATCAGC-READ1|relocate2|sr|92,0,+,nR158-L2-G2-P33-CGTGCTGG-CGATCAGC-READ1_relocate2_nonredundant.bed
NC_029257.1_7460592,7460595,mPing|non-reference|NA|nR158-L2-G2-P33-CGTGCTGG-CGATCAGC-READ1|relocate2|sr|93,0,+,nR158-L2-G2-P33-CGTGCTGG-CGATCAGC-READ1_relocate2_nonredundant.bed
NC_029257.1_8187916,8187919,mPing|non-reference|NA|nR158-L2-G2-P33-CGTGCTGG-CGATCAGC-READ1|relocate2|sr|94,0,+,nR158-L2-G2-P33-CGTGCTGG-CGATCAGC-READ1_relocate2_nonredundant.bed
NC_029257.1_8898162,8898165,mPing|non-reference|NA|nR158-L2-G2-P33-CGTGCTGG-CGATCAGC-READ1|relocate2|sr|95,0,-,nR158-L2-G2-P33-CGTGCTGG-CGATCAGC-READ1_relocate2_nonredundant.bed
NC_029257.1_10062829,10062832,mPing|non-reference|NA|nR158-L2-G2-P33-CGTGCTGG-CGATCAGC-READ1|relocate2|sr|96,0,+,nR158-L2-G2-P33-CGTGCTGG-CGATCAGC-READ1_relocate2_nonredundant.bed
NC_029257.1_10076666,10076669,mPing|non-reference|NA|nR158-L2-G2-P33-CGTGCTGG-CGATCAGC-READ1|relocate2|sr|97,0,+,nR158-L2-G2-P33-CGTGCTGG-CGATCAGC-READ1_relocate2_nonredundant.bed
NC_029257.1_10202910,10202913,mPing|non-reference|NA|nR158-L2-G2-P33-CGTGCTGG-CGATCAGC-READ1|relocate2|sr|98,0,+,nR158-L2-G2-P33-CGTGCTGG-CGATCAGC-READ1_relocate2_nonredundant.bed
NC_029257.1_11041881,11041884,mPing|non-reference|NA|nR158-L2-G2-P33-CGTGCTGG-CGATCAGC-READ1|relocate2|sr|99,0,-,nR158-L2-G2-P33-CGTGCTGG-CGATCAGC-READ1_relocate2_nonredundant.bed
NC_029257.1_12298998,12299001,mPing|non-reference|NA|nR158-L2-G2-P33-CGTGCTGG-CGATCAGC-READ1|relocate2|sr|100,0,-,nR158-L2-G2-P33-CGTGCTGG-CGATCAGC-READ1_relocate2_nonredundant.bed
NC_029257.1_12787872,12787875,mPing|non-reference|NA|nR158-L2-G2-P33-CGTGCTGG-CGATCAGC-READ1|relocate2|sr|101,0,+,nR158-L2-G2-P33-CGTGCTGG-CGATCAGC-READ1_relocate2_nonredundant.bed
NC_029257.1_12846346,12846349,mPing|non-reference|NA|nR158-L2-G2-P33-CGTGCTGG-CGATCAGC-READ1|relocate2|sr|102,0,-,nR158-L2-G2-P33-CGTGCTGG-CGATCAGC-READ1_relocate2_nonredundant.bed
NC_029257.1_14120340,14120343,mPing|non-reference|NA|nR158-L2-G2-P33-CGTGCTGG-CGATCAGC-READ1|relocate2|sr|103,0,+,nR158-L2-G2-P33-CGTGCTGG-CGATCAGC-READ1_relocate2_nonredundant.bed
NC_029257.1_16222087,16222090,mPing|non-reference|NA|nR158-L2-G2-P33-CGTGCTGG-CGATCAGC-READ1|relocate2|sr|104,0,+,nR158-L2-G2-P33-CGTGCTGG-CGATCAGC-READ1_relocate2_nonredundant.bed
NC_029257.1_16678146,16678149,mPing|non-reference|NA|nR158-L2-G2-P33-CGTGCTGG-CGATCAGC-READ1|relocate2|sr|105,0,-,nR158-L2-G2-P33-CGTGCTGG-CGATCAGC-READ1_relocate2_nonredundant.bed
NC_029257.1_16680149,16680152,mPing|non-reference|NA|nR158-L2-G2-P33-CGTGCTGG-CGATCAGC-READ1|relocate2|sr|106,0,-,nR158-L2-G2-P33-CGTGCTGG-CGATCAGC-READ1_relocate2_nonredundant.bed
NC_029257.1_16986965,16986968,mPing|non-reference|NA|nR158-L2-G2-P33-CGTGCTGG-CGATCAGC-READ1|relocate2|sr|107,0,+,nR158-L2-G2-P33-CGTGCTGG-CGATCAGC-READ1_relocate2_nonredundant.bed
NC_029257.1_17969908,17969911,mPing|non-reference|NA|nR158-L2-G2-P33-CGTGCTGG-CGATCAGC-READ1|relocate2|sr|108,0,+,nR158-L2-G2-P33-CGTGCTGG-CGATCAGC-READ1_relocate2_nonredundant.bed
NC_029257.1_18302508,18302511,mPing|non-reference|NA|nR158-L2-G2-P33-CGTGCTGG-CGATCAGC-READ1|relocate2|sr|109,0,-,nR158-L2-G2-P33-CGTGCTGG-CGATCAGC-READ1_relocate2_nonredundant.bed
NC_029257.1_18440544,18440547,mPing|non-reference|NA|nR158-L2-G2-P33-CGTGCTGG-CGATCAGC-READ1|relocate2|sr|110,0,-,nR158-L2-G2-P33-CGTGCTGG-CGATCAGC-READ1_relocate2_nonredundant.bed
NC_029257.1_18458311,18458314,mPing|non-reference|NA|nR158-L2-G2-P33-CGTGCTGG-CGATCAGC-READ1|relocate2|sr|111,0,-,nR158-L2-G2-P33-CGTGCTGG-CGATCAGC-READ1_relocate2_nonredundant.bed
NC_029257.1_21001167,21001170,mPing|non-reference|NA|nR158-L2-G2-P33-CGTGCTGG-CGATCAGC-READ1|relocate2|sr|112,0,-,nR158-L2-G2-P33-CGTGCTGG-CGATCAGC-READ1_relocate2_nonredundant.bed
NC_029257.1_21319933,21319936,mPing|non-reference|NA|nR158-L2-G2-P33-CGTGCTGG-CGATCAGC-READ1|relocate2|sr|113,0,+,nR158-L2-G2-P33-CGTGCTGG-CGATCAGC-READ1_relocate2_nonredundant.bed
NC_029257.1_21443359,21443362,mPing|non-reference|NA|nR158-L2-G2-P33-CGTGCTGG-CGATCAGC-READ1|relocate2|sr|114,0,-,nR158-L2-G2-P33-CGTGCTGG-CGATCAGC-READ1_relocate2_nonredundant.bed
NC_029257.1_21515952,21515955,mPing|non-reference|NA|nR158-L2-G2-P33-CGTGCTGG-CGATCAGC-READ1|relocate2|sr|115,0,-,nR158-L2-G2-P33-CGTGCTGG-CGATCAGC-READ1_relocate2_nonredundant.bed
NC_029257.1_22270894,22270897,mPing|non-reference|NA|nR158-L2-G2-P33-CGTGCTGG-CGATCAGC-READ1|relocate2|sr|116,0,+,nR158-L2-G2-P33-CGTGCTGG-CGATCAGC-READ1_relocate2_nonredundant.bed
NC_029257.1_22478976,22478979,mPing|non-reference|NA|nR158-L2-G2-P33-CGTGCTGG-CGATCAGC-READ1|relocate2|sr|117,0,+,nR158-L2-G2-P33-CGTGCTGG-CGATCAGC-READ1_relocate2_nonredundant.bed
NC_029257.1_24215955,24215958,mPing|non-reference|NA|nR158-L2-G2-P33-CGTGCTGG-CGATCAGC-READ1|relocate2|sr|118,0,+,nR158-L2-G2-P33-CGTGCTGG-CGATCAGC-READ1_relocate2_nonredundant.bed
NC_029257.1_27148056,27148059,mPing|non-reference|NA|nR158-L2-G2-P33-CGTGCTGG-CGATCAGC-READ1|relocate2|sr|119,0,-,nR158-L2-G2-P33-CGTGCTGG-CGATCAGC-READ1_relocate2_nonredundant.bed
NC_029257.1_27201254,27201257,mPing|non-reference|NA|nR158-L2-G2-P33-CGTGCTGG-CGATCAGC-READ1|relocate2|sr|120,0,-,nR158-L2-G2-P33-CGTGCTGG-CGATCAGC-READ1_relocate2_nonredundant.bed
NC_029257.1_28522431,28522434,mPing|non-reference|NA|nR158-L2-G2-P33-CGTGCTGG-CGATCAGC-READ1|relocate2|sr|121,0,+,nR158-L2-G2-P33-CGTGCTGG-CGATCAGC-READ1_relocate2_nonredundant.bed
NC_029257.1_28948533,28948536,mPing|non-reference|NA|nR158-L2-G2-P33-CGTGCTGG-CGATCAGC-READ1|relocate2|sr|122,0,-,nR158-L2-G2-P33-CGTGCTGG-CGATCAGC-READ1_relocate2_nonredundant.bed
NC_029257.1_30576165,30576168,mPing|non-reference|NA|nR158-L2-G2-P33-CGTGCTGG-CGATCAGC-READ1|relocate2|sr|123,0,-,nR158-L2-G2-P33-CGTGCTGG-CGATCAGC-READ1_relocate2_nonredundant.bed
NC_029257.1_30934397,30934400,mPing|non-reference|NA|nR158-L2-G2-P33-CGTGCTGG-CGATCAGC-READ1|relocate2|sr|124,0,-,nR158-L2-G2-P33-CGTGCTGG-CGATCAGC-READ1_relocate2_nonredundant.bed
NC_029257.1_31278020,31278023,mPing|non-reference|NA|nR158-L2-G2-P33-CGTGCTGG-CGATCAGC-READ1|relocate2|sr|125,0,-,nR158-L2-G2-P33-CGTGCTGG-CGATCAGC-READ1_relocate2_nonredundant.bed
NC_029257.1_31455300,31455303,mPing|non-reference|NA|nR158-L2-G2-P33-CGTGCTGG-CGATCAGC-READ1|relocate2|sr|126,0,+,nR158-L2-G2-P33-CGTGCTGG-CGATCAGC-READ1_relocate2_nonredundant.bed
NC_029257.1_31636376,31636379,mPing|non-reference|NA|nR158-L2-G2-P33-CGTGCTGG-CGATCAGC-READ1|relocate2|sr|127,0,-,nR158-L2-G2-P33-CGTGCTGG-CGATCAGC-READ1_relocate2_nonredundant.bed
NC_029257.1_31702279,31702282,mPing|non-reference|NA|nR158-L2-G2-P33-CGTGCTGG-CGATCAGC-READ1|relocate2|sr|128,0,-,nR158-L2-G2-P33-CGTGCTGG-CGATCAGC-READ1_relocate2_nonredundant.bed
NC_029257.1_31815723,31815726,mPing|non-reference|NA|nR158-L2-G2-P33-CGTGCTGG-CGATCAGC-READ1|relocate2|sr|129,0,-,nR158-L2-G2-P33-CGTGCTGG-CGATCAGC-READ1_relocate2_nonredundant.bed
NC_029257.1_31849506,31849509,mPing|non-reference|NA|nR158-L2-G2-P33-CGTGCTGG-CGATCAGC-READ1|relocate2|sr|130,0,-,nR158-L2-G2-P33-CGTGCTGG-CGATCAGC-READ1_relocate2_nonredundant.bed
NC_029257.1_32397173,32397176,mPing|non-reference|NA|nR158-L2-G2-P33-CGTGCTGG-CGATCAGC-READ1|relocate2|sr|131,0,-,nR158-L2-G2-P33-CGTGCTGG-CGATCAGC-READ1_relocate2_nonredundant.bed
NC_029257.1_32432992,32432995,mPing|non-reference|NA|nR158-L2-G2-P33-CGTGCTGG-CGATCAGC-READ1|relocate2|sr|132,0,-,nR158-L2-G2-P33-CGTGCTGG-CGATCAGC-READ1_relocate2_nonredundant.bed
NC_029257.1_32572257,32572260,mPing|non-reference|NA|nR158-L2-G2-P33-CGTGCTGG-CGATCAGC-READ1|relocate2|sr|133,0,-,nR158-L2-G2-P33-CGTGCTGG-CGATCAGC-READ1_relocate2_nonredundant.bed
NC_029257.1_32678689,32678692,mPing|non-reference|NA|nR158-L2-G2-P33-CGTGCTGG-CGATCAGC-READ1|relocate2|sr|134,0,-,nR158-L2-G2-P33-CGTGCTGG-CGATCAGC-READ1_relocate2_nonredundant.bed
NC_029257.1_32858535,32858538,mPing|non-reference|NA|nR158-L2-G2-P33-CGTGCTGG-CGATCAGC-READ1|relocate2|sr|135,0,+,nR158-L2-G2-P33-CGTGCTGG-CGATCAGC-READ1_relocate2_nonredundant.bed
NC_029257.1_32895946,32895949,mPing|non-reference|NA|nR158-L2-G2-P33-CGTGCTGG-CGATCAGC-READ1|relocate2|sr|136,0,-,nR158-L2-G2-P33-CGTGCTGG-CGATCAGC-READ1_relocate2_nonredundant.bed
NC_029257.1_33871068,33871071,mPing|non-reference|NA|nR158-L2-G2-P33-CGTGCTGG-CGATCAGC-READ1|relocate2|sr|137,0,+,nR158-L2-G2-P33-CGTGCTGG-CGATCAGC-READ1_relocate2_nonredundant.bed
NC_029257.1_34670529,34670532,mPing|non-reference|NA|nR158-L2-G2-P33-CGTGCTGG-CGATCAGC-READ1|relocate2|sr|138,0,+,nR158-L2-G2-P33-CGTGCTGG-CGATCAGC-READ1_relocate2_nonredundant.bed
NC_029257.1_35238925,35238928,mPing|non-reference|NA|nR158-L2-G2-P33-CGTGCTGG-CGATCAGC-READ1|relocate2|sr|139,0,-,nR158-L2-G2-P33-CGTGCTGG-CGATCAGC-READ1_relocate2_nonredundant.bed
NC_029258.1_180225,180228,mPing|non-reference|NA|nR158-L2-G2-P33-CGTGCTGG-CGATCAGC-READ1|relocate2|sr|140,0,+,nR158-L2-G2-P33-CGTGCTGG-CGATCAGC-READ1_relocate2_nonredundant.bed
NC_029258.1_198571,198574,mPing|non-reference|NA|nR158-L2-G2-P33-CGTGCTGG-CGATCAGC-READ1|relocate2|sr|141,0,-,nR158-L2-G2-P33-CGTGCTGG-CGATCAGC-READ1_relocate2_nonredundant.bed
NC_029258.1_399054,399057,mPing|non-reference|NA|nR158-L2-G2-P33-CGTGCTGG-CGATCAGC-READ1|relocate2|sr|142,0,+,nR158-L2-G2-P33-CGTGCTGG-CGATCAGC-READ1_relocate2_nonredundant.bed
NC_029258.1_511328,511331,mPing|non-reference|NA|nR158-L2-G2-P33-CGTGCTGG-CGATCAGC-READ1|relocate2|sr|143,0,-,nR158-L2-G2-P33-CGTGCTGG-CGATCAGC-READ1_relocate2_nonredundant.bed
NC_029258.1_982230,982233,mPing|non-reference|NA|nR158-L2-G2-P33-CGTGCTGG-CGATCAGC-READ1|relocate2|sr|144,0,-,nR158-L2-G2-P33-CGTGCTGG-CGATCAGC-READ1_relocate2_nonredundant.bed
NC_029258.1_1247287,1247290,mPing|non-reference|NA|nR158-L2-G2-P33-CGTGCTGG-CGATCAGC-READ1|relocate2|sr|145,0,+,nR158-L2-G2-P33-CGTGCTGG-CGATCAGC-READ1_relocate2_nonredundant.bed
NC_029258.1_1299650,1299653,mPing|non-reference|NA|nR158-L2-G2-P33-CGTGCTGG-CGATCAGC-READ1|relocate2|sr|146,0,+,nR158-L2-G2-P33-CGTGCTGG-CGATCAGC-READ1_relocate2_nonredundant.bed
NC_029258.1_1428675,1428678,mPing|non-reference|NA|nR158-L2-G2-P33-CGTGCTGG-CGATCAGC-READ1|relocate2|sr|147,0,-,nR158-L2-G2-P33-CGTGCTGG-CGATCAGC-READ1_relocate2_nonredundant.bed
NC_029258.1_1701778,1701781,mPing|non-reference|NA|nR158-L2-G2-P33-CGTGCTGG-CGATCAGC-READ1|relocate2|sr|148,0,-,nR158-L2-G2-P33-CGTGCTGG-CGATCAGC-READ1_relocate2_nonredundant.bed
NC_029258.1_1782927,1782930,mPing|non-reference|NA|nR158-L2-G2-P33-CGTGCTGG-CGATCAGC-READ1|relocate2|sr|149,0,-,nR158-L2-G2-P33-CGTGCTGG-CGATCAGC-READ1_relocate2_nonredundant.bed
NC_029258.1_2675911,2675914,mPing|non-reference|NA|nR158-L2-G2-P33-CGTGCTGG-CGATCAGC-READ1|relocate2|sr|150,0,-,nR158-L2-G2-P33-CGTGCTGG-CGATCAGC-READ1_relocate2_nonredundant.bed
NC_029258.1_2830198,2830201,mPing|non-reference|NA|nR158-L2-G2-P33-CGTGCTGG-CGATCAGC-READ1|relocate2|sr|151,0,+,nR158-L2-G2-P33-CGTGCTGG-CGATCAGC-READ1_relocate2_nonredundant.bed
NC_029258.1_3469624,3469627,mPing|non-reference|NA|nR158-L2-G2-P33-CGTGCTGG-CGATCAGC-READ1|relocate2|sr|152,0,+,nR158-L2-G2-P33-CGTGCTGG-CGATCAGC-READ1_relocate2_nonredundant.bed
NC_029258.1_3623526,3623529,mPing|non-reference|NA|nR158-L2-G2-P33-CGTGCTGG-CGATCAGC-READ1|relocate2|sr|153,0,+,nR158-L2-G2-P33-CGTGCTGG-CGATCAGC-READ1_relocate2_nonredundant.bed
NC_029258.1_3639998,3640001,mPing|non-reference|NA|nR158-L2-G2-P33-CGTGCTGG-CGATCAGC-READ1|relocate2|sr|154,0,-,nR158-L2-G2-P33-CGTGCTGG-CGATCAGC-READ1_relocate2_nonredundant.bed
NC_029258.1_3804369,3804372,mPing|non-reference|NA|nR158-L2-G2-P33-CGTGCTGG-CGATCAGC-READ1|relocate2|sr|155,0,-,nR158-L2-G2-P33-CGTGCTGG-CGATCAGC-READ1_relocate2_nonredundant.bed
NC_029258.1_3829094,3829097,mPing|non-reference|NA|nR158-L2-G2-P33-CGTGCTGG-CGATCAGC-READ1|relocate2|sr|156,0,-,nR158-L2-G2-P33-CGTGCTGG-CGATCAGC-READ1_relocate2_nonredundant.bed
NC_029258.1_3872633,3872636,mPing|non-reference|NA|nR158-L2-G2-P33-CGTGCTGG-CGATCAGC-READ1|relocate2|sr|157,0,+,nR158-L2-G2-P33-CGTGCTGG-CGATCAGC-READ1_relocate2_nonredundant.bed
NC_029258.1_4377251,4377254,mPing|non-reference|NA|nR158-L2-G2-P33-CGTGCTGG-CGATCAGC-READ1|relocate2|sr|158,0,-,nR158-L2-G2-P33-CGTGCTGG-CGATCAGC-READ1_relocate2_nonredundant.bed
NC_029258.1_4681956,4681959,mPing|non-reference|NA|nR158-L2-G2-P33-CGTGCTGG-CGATCAGC-READ1|relocate2|sr|159,0,+,nR158-L2-G2-P33-CGTGCTGG-CGATCAGC-READ1_relocate2_nonredundant.bed
NC_029258.1_5905107,5905110,mPing|non-reference|NA|nR158-L2-G2-P33-CGTGCTGG-CGATCAGC-READ1|relocate2|sr|160,0,+,nR158-L2-G2-P33-CGTGCTGG-CGATCAGC-READ1_relocate2_nonredundant.bed
NC_029258.1_6154019,6154022,mPing|non-reference|NA|nR158-L2-G2-P33-CGTGCTGG-CGATCAGC-READ1|relocate2|sr|161,0,+,nR158-L2-G2-P33-CGTGCTGG-CGATCAGC-READ1_relocate2_nonredundant.bed
NC_029258.1_6328407,6328410,mPing|non-reference|NA|nR158-L2-G2-P33-CGTGCTGG-CGATCAGC-READ1|relocate2|sr|162,0,-,nR158-L2-G2-P33-CGTGCTGG-CGATCAGC-READ1_relocate2_nonredundant.bed
NC_029258.1_6441698,6441701,mPing|non-reference|NA|nR158-L2-G2-P33-CGTGCTGG-CGATCAGC-READ1|relocate2|sr|163,0,+,nR158-L2-G2-P33-CGTGCTGG-CGATCAGC-READ1_relocate2_nonredundant.bed
NC_029258.1_6512008,6512011,mPing|non-reference|NA|nR158-L2-G2-P33-CGTGCTGG-CGATCAGC-READ1|relocate2|sr|164,0,+,nR158-L2-G2-P33-CGTGCTGG-CGATCAGC-READ1_relocate2_nonredundant.bed
NC_029258.1_6566209,6566212,mPing|non-reference|NA|nR158-L2-G2-P33-CGTGCTGG-CGATCAGC-READ1|relocate2|sr|165,0,+,nR158-L2-G2-P33-CGTGCTGG-CGATCAGC-READ1_relocate2_nonredundant.bed
NC_029258.1_7025981,7025984,mPing|non-reference|NA|nR158-L2-G2-P33-CGTGCTGG-CGATCAGC-READ1|relocate2|sr|166,0,+,nR158-L2-G2-P33-CGTGCTGG-CGATCAGC-READ1_relocate2_nonredundant.bed
NC_029258.1_7296366,7296369,mPing|non-reference|NA|nR158-L2-G2-P33-CGTGCTGG-CGATCAGC-READ1|relocate2|sr|167,0,-,nR158-L2-G2-P33-CGTGCTGG-CGATCAGC-READ1_relocate2_nonredundant.bed
NC_029258.1_8457817,8457820,mPing|non-reference|NA|nR158-L2-G2-P33-CGTGCTGG-CGATCAGC-READ1|relocate2|sr|168,0,+,nR158-L2-G2-P33-CGTGCTGG-CGATCAGC-READ1_relocate2_nonredundant.bed
NC_029258.1_9014022,9014025,mPing|non-reference|NA|nR158-L2-G2-P33-CGTGCTGG-CGATCAGC-READ1|relocate2|sr|169,0,-,nR158-L2-G2-P33-CGTGCTGG-CGATCAGC-READ1_relocate2_nonredundant.bed
NC_029258.1_9162953,9162956,mPing|non-reference|NA|nR158-L2-G2-P33-CGTGCTGG-CGATCAGC-READ1|relocate2|sr|170,0,+,nR158-L2-G2-P33-CGTGCTGG-CGATCAGC-READ1_relocate2_nonredundant.bed
NC_029258.1_10593110,10593113,mPing|non-reference|NA|nR158-L2-G2-P33-CGTGCTGG-CGATCAGC-READ1|relocate2|sr|171,0,-,nR158-L2-G2-P33-CGTGCTGG-CGATCAGC-READ1_relocate2_nonredundant.bed
NC_029258.1_10990368,10990371,mPing|non-reference|NA|nR158-L2-G2-P33-CGTGCTGG-CGATCAGC-READ1|relocate2|sr|172,0,+,nR158-L2-G2-P33-CGTGCTGG-CGATCAGC-READ1_relocate2_nonredundant.bed
NC_029258.1_11015127,11015130,mPing|non-reference|NA|nR158-L2-G2-P33-CGTGCTGG-CGATCAGC-READ1|relocate2|sr|173,0,+,nR158-L2-G2-P33-CGTGCTGG-CGATCAGC-READ1_relocate2_nonredundant.bed
NC_029258.1_11059294,11059297,mPing|non-reference|NA|nR158-L2-G2-P33-CGTGCTGG-CGATCAGC-READ1|relocate2|sr|174,0,+,nR158-L2-G2-P33-CGTGCTGG-CGATCAGC-READ1_relocate2_nonredundant.bed
NC_029258.1_11102321,11102324,mPing|non-reference|NA|nR158-L2-G2-P33-CGTGCTGG-CGATCAGC-READ1|relocate2|sr|175,0,+,nR158-L2-G2-P33-CGTGCTGG-CGATCAGC-READ1_relocate2_nonredundant.bed
NC_029258.1_11329079,11329082,mPing|non-reference|NA|nR158-L2-G2-P33-CGTGCTGG-CGATCAGC-READ1|relocate2|sr|176,0,-,nR158-L2-G2-P33-CGTGCTGG-CGATCAGC-READ1_relocate2_nonredundant.bed
NC_029258.1_11781492,11781495,mPing|non-reference|NA|nR158-L2-G2-P33-CGTGCTGG-CGATCAGC-READ1|relocate2|sr|177,0,+,nR158-L2-G2-P33-CGTGCTGG-CGATCAGC-READ1_relocate2_nonredundant.bed
NC_029258.1_11922189,11922192,mPing|non-reference|NA|nR158-L2-G2-P33-CGTGCTGG-CGATCAGC-READ1|relocate2|sr|178,0,-,nR158-L2-G2-P33-CGTGCTGG-CGATCAGC-READ1_relocate2_nonredundant.bed
NC_029258.1_12036119,12036122,mPing|non-reference|NA|nR158-L2-G2-P33-CGTGCTGG-CGATCAGC-READ1|relocate2|sr|179,0,+,nR158-L2-G2-P33-CGTGCTGG-CGATCAGC-READ1_relocate2_nonredundant.bed
NC_029258.1_12067612,12067615,mPing|non-reference|NA|nR158-L2-G2-P33-CGTGCTGG-CGATCAGC-READ1|relocate2|sr|180,0,-,nR158-L2-G2-P33-CGTGCTGG-CGATCAGC-READ1_relocate2_nonredundant.bed
NC_029258.1_12409836,12409839,mPing|non-reference|NA|nR158-L2-G2-P33-CGTGCTGG-CGATCAGC-READ1|relocate2|sr|181,0,-,nR158-L2-G2-P33-CGTGCTGG-CGATCAGC-READ1_relocate2_nonredundant.bed
NC_029258.1_13027118,13027121,mPing|non-reference|NA|nR158-L2-G2-P33-CGTGCTGG-CGATCAGC-READ1|relocate2|sr|182,0,+,nR158-L2-G2-P33-CGTGCTGG-CGATCAGC-READ1_relocate2_nonredundant.bed
NC_029258.1_14620264,14620267,mPing|non-reference|NA|nR158-L2-G2-P33-CGTGCTGG-CGATCAGC-READ1|relocate2|sr|183,0,-,nR158-L2-G2-P33-CGTGCTGG-CGATCAGC-READ1_relocate2_nonredundant.bed
NC_029258.1_16846775,16846778,mPing|non-reference|NA|nR158-L2-G2-P33-CGTGCTGG-CGATCAGC-READ1|relocate2|sr|184,0,-,nR158-L2-G2-P33-CGTGCTGG-CGATCAGC-READ1_relocate2_nonredundant.bed
NC_029258.1_17267495,17267498,mPing|non-reference|NA|nR158-L2-G2-P33-CGTGCTGG-CGATCAGC-READ1|relocate2|sr|185,0,-,nR158-L2-G2-P33-CGTGCTGG-CGATCAGC-READ1_relocate2_nonredundant.bed
NC_029258.1_17269649,17269652,mPing|non-reference|NA|nR158-L2-G2-P33-CGTGCTGG-CGATCAGC-READ1|relocate2|sr|186,0,-,nR158-L2-G2-P33-CGTGCTGG-CGATCAGC-READ1_relocate2_nonredundant.bed
NC_029258.1_18117564,18117567,mPing|non-reference|NA|nR158-L2-G2-P33-CGTGCTGG-CGATCAGC-READ1|relocate2|sr|187,0,-,nR158-L2-G2-P33-CGTGCTGG-CGATCAGC-READ1_relocate2_nonredundant.bed
NC_029258.1_21751838,21751841,mPing|non-reference|NA|nR158-L2-G2-P33-CGTGCTGG-CGATCAGC-READ1|relocate2|sr|188,0,+,nR158-L2-G2-P33-CGTGCTGG-CGATCAGC-READ1_relocate2_nonredundant.bed
NC_029258.1_23992038,23992041,mPing|non-reference|NA|nR158-L2-G2-P33-CGTGCTGG-CGATCAGC-READ1|relocate2|sr|189,0,+,nR158-L2-G2-P33-CGTGCTGG-CGATCAGC-READ1_relocate2_nonredundant.bed
NC_029258.1_24276200,24276203,mPing|non-reference|NA|nR158-L2-G2-P33-CGTGCTGG-CGATCAGC-READ1|relocate2|sr|190,0,-,nR158-L2-G2-P33-CGTGCTGG-CGATCAGC-READ1_relocate2_nonredundant.bed
NC_029258.1_24436163,24436166,mPing|non-reference|NA|nR158-L2-G2-P33-CGTGCTGG-CGATCAGC-READ1|relocate2|sr|191,0,-,nR158-L2-G2-P33-CGTGCTGG-CGATCAGC-READ1_relocate2_nonredundant.bed
NC_029258.1_24690333,24690336,mPing|non-reference|NA|nR158-L2-G2-P33-CGTGCTGG-CGATCAGC-READ1|relocate2|sr|192,0,-,nR158-L2-G2-P33-CGTGCTGG-CGATCAGC-READ1_relocate2_nonredundant.bed
NC_029258.1_24855528,24855531,mPing|non-reference|NA|nR158-L2-G2-P33-CGTGCTGG-CGATCAGC-READ1|relocate2|sr|193,0,+,nR158-L2-G2-P33-CGTGCTGG-CGATCAGC-READ1_relocate2_nonredundant.bed
NC_029258.1_24920216,24920219,mPing|non-reference|NA|nR158-L2-G2-P33-CGTGCTGG-CGATCAGC-READ1|relocate2|sr|194,0,-,nR158-L2-G2-P33-CGTGCTGG-CGATCAGC-READ1_relocate2_nonredundant.bed
NC_029258.1_26028785,26028788,mPing|non-reference|NA|nR158-L2-G2-P33-CGTGCTGG-CGATCAGC-READ1|relocate2|sr|195,0,-,nR158-L2-G2-P33-CGTGCTGG-CGATCAGC-READ1_relocate2_nonredundant.bed
NC_029258.1_26753247,26753250,mPing|non-reference|NA|nR158-L2-G2-P33-CGTGCTGG-CGATCAGC-READ1|relocate2|sr|196,0,+,nR158-L2-G2-P33-CGTGCTGG-CGATCAGC-READ1_relocate2_nonredundant.bed
NC_029258.1_26861560,26861563,mPing|non-reference|NA|nR158-L2-G2-P33-CGTGCTGG-CGATCAGC-READ1|relocate2|sr|197,0,+,nR158-L2-G2-P33-CGTGCTGG-CGATCAGC-READ1_relocate2_nonredundant.bed
NC_029258.1_27890181,27890184,mPing|non-reference|NA|nR158-L2-G2-P33-CGTGCTGG-CGATCAGC-READ1|relocate2|sr|198,0,+,nR158-L2-G2-P33-CGTGCTGG-CGATCAGC-READ1_relocate2_nonredundant.bed
NC_029258.1_28019802,28019805,mPing|non-reference|NA|nR158-L2-G2-P33-CGTGCTGG-CGATCAGC-READ1|relocate2|sr|199,0,+,nR158-L2-G2-P33-CGTGCTGG-CGATCAGC-READ1_relocate2_nonredundant.bed
NC_029258.1_28088458,28088461,mPing|non-reference|NA|nR158-L2-G2-P33-CGTGCTGG-CGATCAGC-READ1|relocate2|sr|200,0,-,nR158-L2-G2-P33-CGTGCTGG-CGATCAGC-READ1_relocate2_nonredundant.bed
NC_029258.1_28365656,28365659,mPing|non-reference|NA|nR158-L2-G2-P33-CGTGCTGG-CGATCAGC-READ1|relocate2|sr|201,0,-,nR158-L2-G2-P33-CGTGCTGG-CGATCAGC-READ1_relocate2_nonredundant.bed
NC_029258.1_28622166,28622169,mPing|non-reference|NA|nR158-L2-G2-P33-CGTGCTGG-CGATCAGC-READ1|relocate2|sr|202,0,-,nR158-L2-G2-P33-CGTGCTGG-CGATCAGC-READ1_relocate2_nonredundant.bed
NC_029258.1_29656276,29656279,mPing|non-reference|NA|nR158-L2-G2-P33-CGTGCTGG-CGATCAGC-READ1|relocate2|sr|203,0,-,nR158-L2-G2-P33-CGTGCTGG-CGATCAGC-READ1_relocate2_nonredundant.bed
NC_029258.1_30355645,30355648,mPing|non-reference|NA|nR158-L2-G2-P33-CGTGCTGG-CGATCAGC-READ1|relocate2|sr|204,0,-,nR158-L2-G2-P33-CGTGCTGG-CGATCAGC-READ1_relocate2_nonredundant.bed
NC_029258.1_30605133,30605136,mPing|non-reference|NA|nR158-L2-G2-P33-CGTGCTGG-CGATCAGC-READ1|relocate2|sr|205,0,-,nR158-L2-G2-P33-CGTGCTGG-CGATCAGC-READ1_relocate2_nonredundant.bed
NC_029258.1_30784686,30784689,mPing|non-reference|NA|nR158-L2-G2-P33-CGTGCTGG-CGATCAGC-READ1|relocate2|sr|206,0,+,nR158-L2-G2-P33-CGTGCTGG-CGATCAGC-READ1_relocate2_nonredundant.bed
NC_029258.1_31364759,31364762,mPing|non-reference|NA|nR158-L2-G2-P33-CGTGCTGG-CGATCAGC-READ1|relocate2|sr|207,0,-,nR158-L2-G2-P33-CGTGCTGG-CGATCAGC-READ1_relocate2_nonredundant.bed
NC_029258.1_31658856,31658859,mPing|non-reference|NA|nR158-L2-G2-P33-CGTGCTGG-CGATCAGC-READ1|relocate2|sr|208,0,-,nR158-L2-G2-P33-CGTGCTGG-CGATCAGC-READ1_relocate2_nonredundant.bed
NC_029258.1_31662046,31662049,mPing|non-reference|NA|nR158-L2-G2-P33-CGTGCTGG-CGATCAGC-READ1|relocate2|sr|209,0,-,nR158-L2-G2-P33-CGTGCTGG-CGATCAGC-READ1_relocate2_nonredundant.bed
NC_029258.1_31683284,31683287,mPing|non-reference|NA|nR158-L2-G2-P33-CGTGCTGG-CGATCAGC-READ1|relocate2|sr|210,0,-,nR158-L2-G2-P33-CGTGCTGG-CGATCAGC-READ1_relocate2_nonredundant.bed
NC_029258.1_31890845,31890848,mPing|non-reference|NA|nR158-L2-G2-P33-CGTGCTGG-CGATCAGC-READ1|relocate2|sr|211,0,-,nR158-L2-G2-P33-CGTGCTGG-CGATCAGC-READ1_relocate2_nonredundant.bed
NC_029258.1_31900824,31900827,mPing|non-reference|NA|nR158-L2-G2-P33-CGTGCTGG-CGATCAGC-READ1|relocate2|sr|212,0,-,nR158-L2-G2-P33-CGTGCTGG-CGATCAGC-READ1_relocate2_nonredundant.bed
NC_029258.1_31935839,31935842,mPing|non-reference|NA|nR158-L2-G2-P33-CGTGCTGG-CGATCAGC-READ1|relocate2|sr|213,0,-,nR158-L2-G2-P33-CGTGCTGG-CGATCAGC-READ1_relocate2_nonredundant.bed
NC_029258.1_33345952,33345955,mPing|non-reference|NA|nR158-L2-G2-P33-CGTGCTGG-CGATCAGC-READ1|relocate2|sr|214,0,-,nR158-L2-G2-P33-CGTGCTGG-CGATCAGC-READ1_relocate2_nonredundant.bed
NC_029258.1_33362072,33362075,mPing|non-reference|NA|nR158-L2-G2-P33-CGTGCTGG-CGATCAGC-READ1|relocate2|sr|215,0,+,nR158-L2-G2-P33-CGTGCTGG-CGATCAGC-READ1_relocate2_nonredundant.bed
NC_029258.1_34077805,34077808,mPing|non-reference|NA|nR158-L2-G2-P33-CGTGCTGG-CGATCAGC-READ1|relocate2|sr|216,0,-,nR158-L2-G2-P33-CGTGCTGG-CGATCAGC-READ1_relocate2_nonredundant.bed
NC_029258.1_34602102,34602105,mPing|non-reference|NA|nR158-L2-G2-P33-CGTGCTGG-CGATCAGC-READ1|relocate2|sr|217,0,+,nR158-L2-G2-P33-CGTGCTGG-CGATCAGC-READ1_relocate2_nonredundant.bed
NC_029258.1_34780274,34780277,mPing|non-reference|NA|nR158-L2-G2-P33-CGTGCTGG-CGATCAGC-READ1|relocate2|sr|218,0,-,nR158-L2-G2-P33-CGTGCTGG-CGATCAGC-READ1_relocate2_nonredundant.bed
NC_029258.1_35176772,35176775,mPing|non-reference|NA|nR158-L2-G2-P33-CGTGCTGG-CGATCAGC-READ1|relocate2|sr|219,0,-,nR158-L2-G2-P33-CGTGCTGG-CGATCAGC-READ1_relocate2_nonredundant.bed
NC_029258.1_35318315,35318318,mPing|non-reference|NA|nR158-L2-G2-P33-CGTGCTGG-CGATCAGC-READ1|relocate2|sr|220,0,-,nR158-L2-G2-P33-CGTGCTGG-CGATCAGC-READ1_relocate2_nonredundant.bed
NC_029258.1_35894894,35894897,mPing|non-reference|NA|nR158-L2-G2-P33-CGTGCTGG-CGATCAGC-READ1|relocate2|sr|221,0,+,nR158-L2-G2-P33-CGTGCTGG-CGATCAGC-READ1_relocate2_nonredundant.bed
NC_029258.1_35945978,35945981,mPing|non-reference|NA|nR158-L2-G2-P33-CGTGCTGG-CGATCAGC-READ1|relocate2|sr|222,0,-,nR158-L2-G2-P33-CGTGCTGG-CGATCAGC-READ1_relocate2_nonredundant.bed
NC_029258.1_36299340,36299343,mPing|non-reference|NA|nR158-L2-G2-P33-CGTGCTGG-CGATCAGC-READ1|relocate2|sr|223,0,-,nR158-L2-G2-P33-CGTGCTGG-CGATCAGC-READ1_relocate2_nonredundant.bed
NC_029259.1_476045,476048,mPing|non-reference|NA|nR158-L2-G2-P33-CGTGCTGG-CGATCAGC-READ1|relocate2|sr|224,0,+,nR158-L2-G2-P33-CGTGCTGG-CGATCAGC-READ1_relocate2_nonredundant.bed
NC_029259.1_1877632,1877635,mPing|non-reference|NA|nR158-L2-G2-P33-CGTGCTGG-CGATCAGC-READ1|relocate2|sr|225,0,+,nR158-L2-G2-P33-CGTGCTGG-CGATCAGC-READ1_relocate2_nonredundant.bed
NC_029259.1_2471257,2471260,mPing|non-reference|NA|nR158-L2-G2-P33-CGTGCTGG-CGATCAGC-READ1|relocate2|sr|226,0,+,nR158-L2-G2-P33-CGTGCTGG-CGATCAGC-READ1_relocate2_nonredundant.bed
NC_029259.1_4043211,4043214,mPing|non-reference|NA|nR158-L2-G2-P33-CGTGCTGG-CGATCAGC-READ1|relocate2|sr|227,0,+,nR158-L2-G2-P33-CGTGCTGG-CGATCAGC-READ1_relocate2_nonredundant.bed
NC_029259.1_5314614,5314617,mPing|non-reference|NA|nR158-L2-G2-P33-CGTGCTGG-CGATCAGC-READ1|relocate2|sr|228,0,+,nR158-L2-G2-P33-CGTGCTGG-CGATCAGC-READ1_relocate2_nonredundant.bed
NC_029259.1_11690712,11690715,mPing|non-reference|NA|nR158-L2-G2-P33-CGTGCTGG-CGATCAGC-READ1|relocate2|sr|229,0,+,nR158-L2-G2-P33-CGTGCTGG-CGATCAGC-READ1_relocate2_nonredundant.bed
NC_029259.1_12682219,12682222,mPing|non-reference|NA|nR158-L2-G2-P33-CGTGCTGG-CGATCAGC-READ1|relocate2|sr|230,0,-,nR158-L2-G2-P33-CGTGCTGG-CGATCAGC-READ1_relocate2_nonredundant.bed
NC_029259.1_13471893,13471896,mPing|non-reference|NA|nR158-L2-G2-P33-CGTGCTGG-CGATCAGC-READ1|relocate2|sr|231,0,+,nR158-L2-G2-P33-CGTGCTGG-CGATCAGC-READ1_relocate2_nonredundant.bed
NC_029259.1_15070774,15070777,mPing|non-reference|NA|nR158-L2-G2-P33-CGTGCTGG-CGATCAGC-READ1|relocate2|sr|232,0,+,nR158-L2-G2-P33-CGTGCTGG-CGATCAGC-READ1_relocate2_nonredundant.bed
NC_029259.1_16791823,16791826,mPing|non-reference|NA|nR158-L2-G2-P33-CGTGCTGG-CGATCAGC-READ1|relocate2|sr|233,0,+,nR158-L2-G2-P33-CGTGCTGG-CGATCAGC-READ1_relocate2_nonredundant.bed
NC_029259.1_18014545,18014548,mPing|non-reference|NA|nR158-L2-G2-P33-CGTGCTGG-CGATCAGC-READ1|relocate2|sr|234,0,-,nR158-L2-G2-P33-CGTGCTGG-CGATCAGC-READ1_relocate2_nonredundant.bed
NC_029259.1_18114737,18114740,mPing|non-reference|NA|nR158-L2-G2-P33-CGTGCTGG-CGATCAGC-READ1|relocate2|sr|235,0,-,nR158-L2-G2-P33-CGTGCTGG-CGATCAGC-READ1_relocate2_nonredundant.bed
NC_029259.1_18566523,18566526,mPing|non-reference|NA|nR158-L2-G2-P33-CGTGCTGG-CGATCAGC-READ1|relocate2|sr|236,0,+,nR158-L2-G2-P33-CGTGCTGG-CGATCAGC-READ1_relocate2_nonredundant.bed
NC_029259.1_19359151,19359154,mPing|non-reference|NA|nR158-L2-G2-P33-CGTGCTGG-CGATCAGC-READ1|relocate2|sr|237,0,+,nR158-L2-G2-P33-CGTGCTGG-CGATCAGC-READ1_relocate2_nonredundant.bed
NC_029259.1_19471781,19471784,mPing|non-reference|NA|nR158-L2-G2-P33-CGTGCTGG-CGATCAGC-READ1|relocate2|sr|238,0,-,nR158-L2-G2-P33-CGTGCTGG-CGATCAGC-READ1_relocate2_nonredundant.bed
NC_029259.1_19623487,19623490,mPing|non-reference|NA|nR158-L2-G2-P33-CGTGCTGG-CGATCAGC-READ1|relocate2|sr|239,0,+,nR158-L2-G2-P33-CGTGCTGG-CGATCAGC-READ1_relocate2_nonredundant.bed
NC_029259.1_19922772,19922775,mPing|non-reference|NA|nR158-L2-G2-P33-CGTGCTGG-CGATCAGC-READ1|relocate2|sr|240,0,-,nR158-L2-G2-P33-CGTGCTGG-CGATCAGC-READ1_relocate2_nonredundant.bed
NC_029259.1_19999251,19999254,mPing|non-reference|NA|nR158-L2-G2-P33-CGTGCTGG-CGATCAGC-READ1|relocate2|sr|241,0,+,nR158-L2-G2-P33-CGTGCTGG-CGATCAGC-READ1_relocate2_nonredundant.bed
NC_029259.1_20158294,20158297,mPing|non-reference|NA|nR158-L2-G2-P33-CGTGCTGG-CGATCAGC-READ1|relocate2|sr|242,0,-,nR158-L2-G2-P33-CGTGCTGG-CGATCAGC-READ1_relocate2_nonredundant.bed
NC_029259.1_20249931,20249934,mPing|non-reference|NA|nR158-L2-G2-P33-CGTGCTGG-CGATCAGC-READ1|relocate2|sr|243,0,+,nR158-L2-G2-P33-CGTGCTGG-CGATCAGC-READ1_relocate2_nonredundant.bed
NC_029259.1_20300401,20300404,mPing|non-reference|NA|nR158-L2-G2-P33-CGTGCTGG-CGATCAGC-READ1|relocate2|sr|244,0,-,nR158-L2-G2-P33-CGTGCTGG-CGATCAGC-READ1_relocate2_nonredundant.bed
NC_029259.1_21408124,21408127,mPing|non-reference|NA|nR158-L2-G2-P33-CGTGCTGG-CGATCAGC-READ1|relocate2|sr|245,0,+,nR158-L2-G2-P33-CGTGCTGG-CGATCAGC-READ1_relocate2_nonredundant.bed
NC_029259.1_21600763,21600766,mPing|non-reference|NA|nR158-L2-G2-P33-CGTGCTGG-CGATCAGC-READ1|relocate2|sr|246,0,+,nR158-L2-G2-P33-CGTGCTGG-CGATCAGC-READ1_relocate2_nonredundant.bed
NC_029259.1_21673100,21673103,mPing|non-reference|NA|nR158-L2-G2-P33-CGTGCTGG-CGATCAGC-READ1|relocate2|sr|247,0,-,nR158-L2-G2-P33-CGTGCTGG-CGATCAGC-READ1_relocate2_nonredundant.bed
NC_029259.1_21998763,21998766,mPing|non-reference|NA|nR158-L2-G2-P33-CGTGCTGG-CGATCAGC-READ1|relocate2|sr|248,0,-,nR158-L2-G2-P33-CGTGCTGG-CGATCAGC-READ1_relocate2_nonredundant.bed
NC_029259.1_23198999,23199002,mPing|non-reference|NA|nR158-L2-G2-P33-CGTGCTGG-CGATCAGC-READ1|relocate2|sr|249,0,+,nR158-L2-G2-P33-CGTGCTGG-CGATCAGC-READ1_relocate2_nonredundant.bed
NC_029259.1_23439375,23439378,mPing|non-reference|NA|nR158-L2-G2-P33-CGTGCTGG-CGATCAGC-READ1|relocate2|sr|250,0,+,nR158-L2-G2-P33-CGTGCTGG-CGATCAGC-READ1_relocate2_nonredundant.bed
NC_029259.1_23571129,23571132,mPing|non-reference|NA|nR158-L2-G2-P33-CGTGCTGG-CGATCAGC-READ1|relocate2|sr|251,0,-,nR158-L2-G2-P33-CGTGCTGG-CGATCAGC-READ1_relocate2_nonredundant.bed
NC_029259.1_24208720,24208723,mPing|non-reference|NA|nR158-L2-G2-P33-CGTGCTGG-CGATCAGC-READ1|relocate2|sr|252,0,-,nR158-L2-G2-P33-CGTGCTGG-CGATCAGC-READ1_relocate2_nonredundant.bed
NC_029259.1_24412444,24412447,mPing|non-reference|NA|nR158-L2-G2-P33-CGTGCTGG-CGATCAGC-READ1|relocate2|sr|253,0,+,nR158-L2-G2-P33-CGTGCTGG-CGATCAGC-READ1_relocate2_nonredundant.bed
NC_029259.1_25029909,25029912,mPing|non-reference|NA|nR158-L2-G2-P33-CGTGCTGG-CGATCAGC-READ1|relocate2|sr|254,0,-,nR158-L2-G2-P33-CGTGCTGG-CGATCAGC-READ1_relocate2_nonredundant.bed
NC_029259.1_26020116,26020119,mPing|non-reference|NA|nR158-L2-G2-P33-CGTGCTGG-CGATCAGC-READ1|relocate2|sr|255,0,+,nR158-L2-G2-P33-CGTGCTGG-CGATCAGC-READ1_relocate2_nonredundant.bed
NC_029259.1_26982347,26982350,mPing|non-reference|NA|nR158-L2-G2-P33-CGTGCTGG-CGATCAGC-READ1|relocate2|sr|256,0,+,nR158-L2-G2-P33-CGTGCTGG-CGATCAGC-READ1_relocate2_nonredundant.bed
NC_029259.1_27475744,27475747,mPing|non-reference|NA|nR158-L2-G2-P33-CGTGCTGG-CGATCAGC-READ1|relocate2|sr|257,0,-,nR158-L2-G2-P33-CGTGCTGG-CGATCAGC-READ1_relocate2_nonredundant.bed
NC_029259.1_27698175,27698178,mPing|non-reference|NA|nR158-L2-G2-P33-CGTGCTGG-CGATCAGC-READ1|relocate2|sr|258,0,-,nR158-L2-G2-P33-CGTGCTGG-CGATCAGC-READ1_relocate2_nonredundant.bed
NC_029259.1_27756781,27756784,mPing|non-reference|NA|nR158-L2-G2-P33-CGTGCTGG-CGATCAGC-READ1|relocate2|sr|259,0,-,nR158-L2-G2-P33-CGTGCTGG-CGATCAGC-READ1_relocate2_nonredundant.bed
NC_029259.1_28061620,28061623,mPing|non-reference|NA|nR158-L2-G2-P33-CGTGCTGG-CGATCAGC-READ1|relocate2|sr|260,0,+,nR158-L2-G2-P33-CGTGCTGG-CGATCAGC-READ1_relocate2_nonredundant.bed
NC_029259.1_28289922,28289925,mPing|non-reference|NA|nR158-L2-G2-P33-CGTGCTGG-CGATCAGC-READ1|relocate2|sr|261,0,-,nR158-L2-G2-P33-CGTGCTGG-CGATCAGC-READ1_relocate2_nonredundant.bed
NC_029259.1_28739796,28739799,mPing|non-reference|NA|nR158-L2-G2-P33-CGTGCTGG-CGATCAGC-READ1|relocate2|sr|262,0,-,nR158-L2-G2-P33-CGTGCTGG-CGATCAGC-READ1_relocate2_nonredundant.bed
NC_029259.1_28903395,28903398,mPing|non-reference|NA|nR158-L2-G2-P33-CGTGCTGG-CGATCAGC-READ1|relocate2|sr|263,0,-,nR158-L2-G2-P33-CGTGCTGG-CGATCAGC-READ1_relocate2_nonredundant.bed
NC_029259.1_29080837,29080840,mPing|non-reference|NA|nR158-L2-G2-P33-CGTGCTGG-CGATCAGC-READ1|relocate2|sr|264,0,-,nR158-L2-G2-P33-CGTGCTGG-CGATCAGC-READ1_relocate2_nonredundant.bed
NC_029259.1_29218324,29218327,mPing|non-reference|NA|nR158-L2-G2-P33-CGTGCTGG-CGATCAGC-READ1|relocate2|sr|265,0,-,nR158-L2-G2-P33-CGTGCTGG-CGATCAGC-READ1_relocate2_nonredundant.bed
NC_029259.1_29486181,29486184,mPing|non-reference|NA|nR158-L2-G2-P33-CGTGCTGG-CGATCAGC-READ1|relocate2|sr|266,0,-,nR158-L2-G2-P33-CGTGCTGG-CGATCAGC-READ1_relocate2_nonredundant.bed
NC_029259.1_29603862,29603865,mPing|non-reference|NA|nR158-L2-G2-P33-CGTGCTGG-CGATCAGC-READ1|relocate2|sr|267,0,-,nR158-L2-G2-P33-CGTGCTGG-CGATCAGC-READ1_relocate2_nonredundant.bed
NC_029259.1_29870752,29870755,mPing|non-reference|NA|nR158-L2-G2-P33-CGTGCTGG-CGATCAGC-READ1|relocate2|sr|268,0,+,nR158-L2-G2-P33-CGTGCTGG-CGATCAGC-READ1_relocate2_nonredundant.bed
NC_029259.1_29941294,29941297,mPing|non-reference|NA|nR158-L2-G2-P33-CGTGCTGG-CGATCAGC-READ1|relocate2|sr|269,0,+,nR158-L2-G2-P33-CGTGCTGG-CGATCAGC-READ1_relocate2_nonredundant.bed
NC_029259.1_30320687,30320690,mPing|non-reference|NA|nR158-L2-G2-P33-CGTGCTGG-CGATCAGC-READ1|relocate2|sr|270,0,-,nR158-L2-G2-P33-CGTGCTGG-CGATCAGC-READ1_relocate2_nonredundant.bed
NC_029259.1_30513996,30513999,mPing|non-reference|NA|nR158-L2-G2-P33-CGTGCTGG-CGATCAGC-READ1|relocate2|sr|271,0,-,nR158-L2-G2-P33-CGTGCTGG-CGATCAGC-READ1_relocate2_nonredundant.bed
NC_029259.1_31387730,31387733,mPing|non-reference|NA|nR158-L2-G2-P33-CGTGCTGG-CGATCAGC-READ1|relocate2|sr|272,0,-,nR158-L2-G2-P33-CGTGCTGG-CGATCAGC-READ1_relocate2_nonredundant.bed
NC_029259.1_31674845,31674848,mPing|non-reference|NA|nR158-L2-G2-P33-CGTGCTGG-CGATCAGC-READ1|relocate2|sr|273,0,-,nR158-L2-G2-P33-CGTGCTGG-CGATCAGC-READ1_relocate2_nonredundant.bed
NC_029259.1_31677001,31677004,mPing|non-reference|NA|nR158-L2-G2-P33-CGTGCTGG-CGATCAGC-READ1|relocate2|sr|274,0,-,nR158-L2-G2-P33-CGTGCTGG-CGATCAGC-READ1_relocate2_nonredundant.bed
NC_029259.1_31997419,31997422,mPing|non-reference|NA|nR158-L2-G2-P33-CGTGCTGG-CGATCAGC-READ1|relocate2|sr|275,0,+,nR158-L2-G2-P33-CGTGCTGG-CGATCAGC-READ1_relocate2_nonredundant.bed
NC_029259.1_32326934,32326937,mPing|non-reference|NA|nR158-L2-G2-P33-CGTGCTGG-CGATCAGC-READ1|relocate2|sr|276,0,+,nR158-L2-G2-P33-CGTGCTGG-CGATCAGC-READ1_relocate2_nonredundant.bed
NC_029259.1_33017280,33017283,mPing|non-reference|NA|nR158-L2-G2-P33-CGTGCTGG-CGATCAGC-READ1|relocate2|sr|277,0,+,nR158-L2-G2-P33-CGTGCTGG-CGATCAGC-READ1_relocate2_nonredundant.bed
NC_029259.1_33094033,33094036,mPing|non-reference|NA|nR158-L2-G2-P33-CGTGCTGG-CGATCAGC-READ1|relocate2|sr|278,0,-,nR158-L2-G2-P33-CGTGCTGG-CGATCAGC-READ1_relocate2_nonredundant.bed
NC_029259.1_33182329,33182332,mPing|non-reference|NA|nR158-L2-G2-P33-CGTGCTGG-CGATCAGC-READ1|relocate2|sr|279,0,-,nR158-L2-G2-P33-CGTGCTGG-CGATCAGC-READ1_relocate2_nonredundant.bed
NC_029259.1_33507342,33507345,mPing|non-reference|NA|nR158-L2-G2-P33-CGTGCTGG-CGATCAGC-READ1|relocate2|sr|280,0,+,nR158-L2-G2-P33-CGTGCTGG-CGATCAGC-READ1_relocate2_nonredundant.bed
NC_029259.1_33861549,33861552,mPing|non-reference|NA|nR158-L2-G2-P33-CGTGCTGG-CGATCAGC-READ1|relocate2|sr|281,0,+,nR158-L2-G2-P33-CGTGCTGG-CGATCAGC-READ1_relocate2_nonredundant.bed
NC_029259.1_35045349,35045352,mPing|non-reference|NA|nR158-L2-G2-P33-CGTGCTGG-CGATCAGC-READ1|relocate2|sr|282,0,+,nR158-L2-G2-P33-CGTGCTGG-CGATCAGC-READ1_relocate2_nonredundant.bed
NC_029259.1_35244613,35244616,mPing|non-reference|NA|nR158-L2-G2-P33-CGTGCTGG-CGATCAGC-READ1|relocate2|sr|283,0,-,nR158-L2-G2-P33-CGTGCTGG-CGATCAGC-READ1_relocate2_nonredundant.bed
NC_029259.1_35422418,35422421,mPing|non-reference|NA|nR158-L2-G2-P33-CGTGCTGG-CGATCAGC-READ1|relocate2|sr|284,0,+,nR158-L2-G2-P33-CGTGCTGG-CGATCAGC-READ1_relocate2_nonredundant.bed
NC_029260.1_226599,226602,mPing|non-reference|NA|nR158-L2-G2-P33-CGTGCTGG-CGATCAGC-READ1|relocate2|sr|285,0,+,nR158-L2-G2-P33-CGTGCTGG-CGATCAGC-READ1_relocate2_nonredundant.bed
NC_029260.1_646580,646583,mPing|non-reference|NA|nR158-L2-G2-P33-CGTGCTGG-CGATCAGC-READ1|relocate2|sr|286,0,+,nR158-L2-G2-P33-CGTGCTGG-CGATCAGC-READ1_relocate2_nonredundant.bed
NC_029260.1_772693,772696,mPing|non-reference|NA|nR158-L2-G2-P33-CGTGCTGG-CGATCAGC-READ1|relocate2|sr|287,0,+,nR158-L2-G2-P33-CGTGCTGG-CGATCAGC-READ1_relocate2_nonredundant.bed
NC_029260.1_1194953,1194956,mPing|non-reference|NA|nR158-L2-G2-P33-CGTGCTGG-CGATCAGC-READ1|relocate2|sr|288,0,+,nR158-L2-G2-P33-CGTGCTGG-CGATCAGC-READ1_relocate2_nonredundant.bed
NC_029260.1_1441038,1441041,mPing|non-reference|NA|nR158-L2-G2-P33-CGTGCTGG-CGATCAGC-READ1|relocate2|sr|289,0,-,nR158-L2-G2-P33-CGTGCTGG-CGATCAGC-READ1_relocate2_nonredundant.bed
NC_029260.1_1561869,1561872,mPing|non-reference|NA|nR158-L2-G2-P33-CGTGCTGG-CGATCAGC-READ1|relocate2|sr|290,0,+,nR158-L2-G2-P33-CGTGCTGG-CGATCAGC-READ1_relocate2_nonredundant.bed
NC_029260.1_1879838,1879841,mPing|non-reference|NA|nR158-L2-G2-P33-CGTGCTGG-CGATCAGC-READ1|relocate2|sr|291,0,+,nR158-L2-G2-P33-CGTGCTGG-CGATCAGC-READ1_relocate2_nonredundant.bed
NC_029260.1_2289996,2289999,mPing|non-reference|NA|nR158-L2-G2-P33-CGTGCTGG-CGATCAGC-READ1|relocate2|sr|292,0,+,nR158-L2-G2-P33-CGTGCTGG-CGATCAGC-READ1_relocate2_nonredundant.bed
NC_029260.1_2358684,2358687,mPing|non-reference|NA|nR158-L2-G2-P33-CGTGCTGG-CGATCAGC-READ1|relocate2|sr|293,0,+,nR158-L2-G2-P33-CGTGCTGG-CGATCAGC-READ1_relocate2_nonredundant.bed
NC_029260.1_3321326,3321329,mPing|non-reference|NA|nR158-L2-G2-P33-CGTGCTGG-CGATCAGC-READ1|relocate2|sr|294,0,-,nR158-L2-G2-P33-CGTGCTGG-CGATCAGC-READ1_relocate2_nonredundant.bed
NC_029260.1_5878602,5878605,mPing|non-reference|NA|nR158-L2-G2-P33-CGTGCTGG-CGATCAGC-READ1|relocate2|sr|295,0,+,nR158-L2-G2-P33-CGTGCTGG-CGATCAGC-READ1_relocate2_nonredundant.bed
NC_029260.1_6548206,6548209,mPing|non-reference|NA|nR158-L2-G2-P33-CGTGCTGG-CGATCAGC-READ1|relocate2|sr|296,0,+,nR158-L2-G2-P33-CGTGCTGG-CGATCAGC-READ1_relocate2_nonredundant.bed
NC_029260.1_6663444,6663447,mPing|non-reference|NA|nR158-L2-G2-P33-CGTGCTGG-CGATCAGC-READ1|relocate2|sr|297,0,+,nR158-L2-G2-P33-CGTGCTGG-CGATCAGC-READ1_relocate2_nonredundant.bed
NC_029260.1_7296221,7296224,mPing|non-reference|NA|nR158-L2-G2-P33-CGTGCTGG-CGATCAGC-READ1|relocate2|sr|298,0,+,nR158-L2-G2-P33-CGTGCTGG-CGATCAGC-READ1_relocate2_nonredundant.bed
NC_029260.1_10234682,10234685,mPing|non-reference|NA|nR158-L2-G2-P33-CGTGCTGG-CGATCAGC-READ1|relocate2|sr|299,0,+,nR158-L2-G2-P33-CGTGCTGG-CGATCAGC-READ1_relocate2_nonredundant.bed
NC_029260.1_13383775,13383778,mPing|non-reference|NA|nR158-L2-G2-P33-CGTGCTGG-CGATCAGC-READ1|relocate2|sr|300,0,+,nR158-L2-G2-P33-CGTGCTGG-CGATCAGC-READ1_relocate2_nonredundant.bed
NC_029260.1_14154609,14154612,mPing|non-reference|NA|nR158-L2-G2-P33-CGTGCTGG-CGATCAGC-READ1|relocate2|sr|301,0,-,nR158-L2-G2-P33-CGTGCTGG-CGATCAGC-READ1_relocate2_nonredundant.bed
NC_029260.1_14625560,14625563,mPing|non-reference|NA|nR158-L2-G2-P33-CGTGCTGG-CGATCAGC-READ1|relocate2|sr|302,0,-,nR158-L2-G2-P33-CGTGCTGG-CGATCAGC-READ1_relocate2_nonredundant.bed
NC_029260.1_14652034,14652037,mPing|non-reference|NA|nR158-L2-G2-P33-CGTGCTGG-CGATCAGC-READ1|relocate2|sr|303,0,+,nR158-L2-G2-P33-CGTGCTGG-CGATCAGC-READ1_relocate2_nonredundant.bed
NC_029260.1_14654627,14654630,mPing|non-reference|NA|nR158-L2-G2-P33-CGTGCTGG-CGATCAGC-READ1|relocate2|sr|304,0,+,nR158-L2-G2-P33-CGTGCTGG-CGATCAGC-READ1_relocate2_nonredundant.bed
NC_029260.1_14875956,14875959,mPing|non-reference|NA|nR158-L2-G2-P33-CGTGCTGG-CGATCAGC-READ1|relocate2|sr|305,0,-,nR158-L2-G2-P33-CGTGCTGG-CGATCAGC-READ1_relocate2_nonredundant.bed
NC_029260.1_14878343,14878346,mPing|non-reference|NA|nR158-L2-G2-P33-CGTGCTGG-CGATCAGC-READ1|relocate2|sr|306,0,-,nR158-L2-G2-P33-CGTGCTGG-CGATCAGC-READ1_relocate2_nonredundant.bed
NC_029260.1_14878711,14878714,mPing|non-reference|NA|nR158-L2-G2-P33-CGTGCTGG-CGATCAGC-READ1|relocate2|sr|307,0,-,nR158-L2-G2-P33-CGTGCTGG-CGATCAGC-READ1_relocate2_nonredundant.bed
NC_029260.1_15213005,15213008,mPing|non-reference|NA|nR158-L2-G2-P33-CGTGCTGG-CGATCAGC-READ1|relocate2|sr|308,0,+,nR158-L2-G2-P33-CGTGCTGG-CGATCAGC-READ1_relocate2_nonredundant.bed
NC_029260.1_15488459,15488462,mPing|non-reference|NA|nR158-L2-G2-P33-CGTGCTGG-CGATCAGC-READ1|relocate2|sr|309,0,-,nR158-L2-G2-P33-CGTGCTGG-CGATCAGC-READ1_relocate2_nonredundant.bed
NC_029260.1_15586257,15586260,mPing|non-reference|NA|nR158-L2-G2-P33-CGTGCTGG-CGATCAGC-READ1|relocate2|sr|310,0,-,nR158-L2-G2-P33-CGTGCTGG-CGATCAGC-READ1_relocate2_nonredundant.bed
NC_029260.1_15698448,15698451,mPing|non-reference|NA|nR158-L2-G2-P33-CGTGCTGG-CGATCAGC-READ1|relocate2|sr|311,0,+,nR158-L2-G2-P33-CGTGCTGG-CGATCAGC-READ1_relocate2_nonredundant.bed
NC_029260.1_16258074,16258077,mPing|non-reference|NA|nR158-L2-G2-P33-CGTGCTGG-CGATCAGC-READ1|relocate2|sr|312,0,-,nR158-L2-G2-P33-CGTGCTGG-CGATCAGC-READ1_relocate2_nonredundant.bed
NC_029260.1_16364135,16364138,mPing|non-reference|NA|nR158-L2-G2-P33-CGTGCTGG-CGATCAGC-READ1|relocate2|sr|313,0,+,nR158-L2-G2-P33-CGTGCTGG-CGATCAGC-READ1_relocate2_nonredundant.bed
NC_029260.1_16615708,16615711,mPing|non-reference|NA|nR158-L2-G2-P33-CGTGCTGG-CGATCAGC-READ1|relocate2|sr|314,0,-,nR158-L2-G2-P33-CGTGCTGG-CGATCAGC-READ1_relocate2_nonredundant.bed
NC_029260.1_16788403,16788406,mPing|non-reference|NA|nR158-L2-G2-P33-CGTGCTGG-CGATCAGC-READ1|relocate2|sr|315,0,-,nR158-L2-G2-P33-CGTGCTGG-CGATCAGC-READ1_relocate2_nonredundant.bed
NC_029260.1_17983776,17983779,mPing|non-reference|NA|nR158-L2-G2-P33-CGTGCTGG-CGATCAGC-READ1|relocate2|sr|316,0,-,nR158-L2-G2-P33-CGTGCTGG-CGATCAGC-READ1_relocate2_nonredundant.bed
NC_029260.1_17989802,17989805,mPing|non-reference|NA|nR158-L2-G2-P33-CGTGCTGG-CGATCAGC-READ1|relocate2|sr|317,0,+,nR158-L2-G2-P33-CGTGCTGG-CGATCAGC-READ1_relocate2_nonredundant.bed
NC_029260.1_18695565,18695568,mPing|non-reference|NA|nR158-L2-G2-P33-CGTGCTGG-CGATCAGC-READ1|relocate2|sr|318,0,+,nR158-L2-G2-P33-CGTGCTGG-CGATCAGC-READ1_relocate2_nonredundant.bed
NC_029260.1_18960104,18960107,mPing|non-reference|NA|nR158-L2-G2-P33-CGTGCTGG-CGATCAGC-READ1|relocate2|sr|319,0,-,nR158-L2-G2-P33-CGTGCTGG-CGATCAGC-READ1_relocate2_nonredundant.bed
NC_029260.1_19041509,19041512,mPing|non-reference|NA|nR158-L2-G2-P33-CGTGCTGG-CGATCAGC-READ1|relocate2|sr|320,0,-,nR158-L2-G2-P33-CGTGCTGG-CGATCAGC-READ1_relocate2_nonredundant.bed
NC_029260.1_20301998,20302001,mPing|non-reference|NA|nR158-L2-G2-P33-CGTGCTGG-CGATCAGC-READ1|relocate2|sr|321,0,+,nR158-L2-G2-P33-CGTGCTGG-CGATCAGC-READ1_relocate2_nonredundant.bed
NC_029260.1_21321063,21321066,mPing|non-reference|NA|nR158-L2-G2-P33-CGTGCTGG-CGATCAGC-READ1|relocate2|sr|322,0,+,nR158-L2-G2-P33-CGTGCTGG-CGATCAGC-READ1_relocate2_nonredundant.bed
NC_029260.1_21678134,21678137,mPing|non-reference|NA|nR158-L2-G2-P33-CGTGCTGG-CGATCAGC-READ1|relocate2|sr|323,0,+,nR158-L2-G2-P33-CGTGCTGG-CGATCAGC-READ1_relocate2_nonredundant.bed
NC_029260.1_21742141,21742144,mPing|non-reference|NA|nR158-L2-G2-P33-CGTGCTGG-CGATCAGC-READ1|relocate2|sr|324,0,+,nR158-L2-G2-P33-CGTGCTGG-CGATCAGC-READ1_relocate2_nonredundant.bed
NC_029260.1_22027348,22027351,mPing|non-reference|NA|nR158-L2-G2-P33-CGTGCTGG-CGATCAGC-READ1|relocate2|sr|325,0,-,nR158-L2-G2-P33-CGTGCTGG-CGATCAGC-READ1_relocate2_nonredundant.bed
NC_029260.1_22645235,22645238,mPing|non-reference|NA|nR158-L2-G2-P33-CGTGCTGG-CGATCAGC-READ1|relocate2|sr|326,0,+,nR158-L2-G2-P33-CGTGCTGG-CGATCAGC-READ1_relocate2_nonredundant.bed
NC_029260.1_22936557,22936560,mPing|non-reference|NA|nR158-L2-G2-P33-CGTGCTGG-CGATCAGC-READ1|relocate2|sr|327,0,-,nR158-L2-G2-P33-CGTGCTGG-CGATCAGC-READ1_relocate2_nonredundant.bed
NC_029260.1_23257990,23257993,mPing|non-reference|NA|nR158-L2-G2-P33-CGTGCTGG-CGATCAGC-READ1|relocate2|sr|328,0,+,nR158-L2-G2-P33-CGTGCTGG-CGATCAGC-READ1_relocate2_nonredundant.bed
NC_029260.1_24430651,24430654,mPing|non-reference|NA|nR158-L2-G2-P33-CGTGCTGG-CGATCAGC-READ1|relocate2|sr|329,0,-,nR158-L2-G2-P33-CGTGCTGG-CGATCAGC-READ1_relocate2_nonredundant.bed
NC_029260.1_26247574,26247577,mPing|non-reference|NA|nR158-L2-G2-P33-CGTGCTGG-CGATCAGC-READ1|relocate2|sr|330,0,+,nR158-L2-G2-P33-CGTGCTGG-CGATCAGC-READ1_relocate2_nonredundant.bed
NC_029260.1_27024731,27024734,mPing|non-reference|NA|nR158-L2-G2-P33-CGTGCTGG-CGATCAGC-READ1|relocate2|sr|331,0,+,nR158-L2-G2-P33-CGTGCTGG-CGATCAGC-READ1_relocate2_nonredundant.bed
NC_029260.1_27519312,27519315,mPing|non-reference|NA|nR158-L2-G2-P33-CGTGCTGG-CGATCAGC-READ1|relocate2|sr|332,0,+,nR158-L2-G2-P33-CGTGCTGG-CGATCAGC-READ1_relocate2_nonredundant.bed
NC_029260.1_28151163,28151166,mPing|non-reference|NA|nR158-L2-G2-P33-CGTGCTGG-CGATCAGC-READ1|relocate2|sr|333,0,+,nR158-L2-G2-P33-CGTGCTGG-CGATCAGC-READ1_relocate2_nonredundant.bed
NC_029260.1_28878788,28878791,mPing|non-reference|NA|nR158-L2-G2-P33-CGTGCTGG-CGATCAGC-READ1|relocate2|sr|334,0,+,nR158-L2-G2-P33-CGTGCTGG-CGATCAGC-READ1_relocate2_nonredundant.bed
NC_029260.1_28927630,28927633,mPing|non-reference|NA|nR158-L2-G2-P33-CGTGCTGG-CGATCAGC-READ1|relocate2|sr|335,0,+,nR158-L2-G2-P33-CGTGCTGG-CGATCAGC-READ1_relocate2_nonredundant.bed
NC_029261.1_844778,844781,mPing|non-reference|NA|nR158-L2-G2-P33-CGTGCTGG-CGATCAGC-READ1|relocate2|sr|336,0,+,nR158-L2-G2-P33-CGTGCTGG-CGATCAGC-READ1_relocate2_nonredundant.bed
NC_029261.1_986513,986516,mPing|non-reference|NA|nR158-L2-G2-P33-CGTGCTGG-CGATCAGC-READ1|relocate2|sr|337,0,+,nR158-L2-G2-P33-CGTGCTGG-CGATCAGC-READ1_relocate2_nonredundant.bed
NC_029261.1_2035334,2035337,mPing|non-reference|NA|nR158-L2-G2-P33-CGTGCTGG-CGATCAGC-READ1|relocate2|sr|338,0,-,nR158-L2-G2-P33-CGTGCTGG-CGATCAGC-READ1_relocate2_nonredundant.bed
NC_029261.1_2856375,2856378,mPing|non-reference|NA|nR158-L2-G2-P33-CGTGCTGG-CGATCAGC-READ1|relocate2|sr|339,0,-,nR158-L2-G2-P33-CGTGCTGG-CGATCAGC-READ1_relocate2_nonredundant.bed
NC_029261.1_3811309,3811312,mPing|non-reference|NA|nR158-L2-G2-P33-CGTGCTGG-CGATCAGC-READ1|relocate2|sr|340,0,-,nR158-L2-G2-P33-CGTGCTGG-CGATCAGC-READ1_relocate2_nonredundant.bed
NC_029261.1_3959137,3959140,mPing|non-reference|NA|nR158-L2-G2-P33-CGTGCTGG-CGATCAGC-READ1|relocate2|sr|341,0,-,nR158-L2-G2-P33-CGTGCTGG-CGATCAGC-READ1_relocate2_nonredundant.bed
NC_029261.1_4093155,4093158,mPing|non-reference|NA|nR158-L2-G2-P33-CGTGCTGG-CGATCAGC-READ1|relocate2|sr|342,0,-,nR158-L2-G2-P33-CGTGCTGG-CGATCAGC-READ1_relocate2_nonredundant.bed
NC_029261.1_4635890,4635893,mPing|non-reference|NA|nR158-L2-G2-P33-CGTGCTGG-CGATCAGC-READ1|relocate2|sr|343,0,-,nR158-L2-G2-P33-CGTGCTGG-CGATCAGC-READ1_relocate2_nonredundant.bed
NC_029261.1_4729736,4729739,mPing|non-reference|NA|nR158-L2-G2-P33-CGTGCTGG-CGATCAGC-READ1|relocate2|sr|344,0,+,nR158-L2-G2-P33-CGTGCTGG-CGATCAGC-READ1_relocate2_nonredundant.bed
NC_029261.1_5204011,5204014,mPing|non-reference|NA|nR158-L2-G2-P33-CGTGCTGG-CGATCAGC-READ1|relocate2|sr|345,0,-,nR158-L2-G2-P33-CGTGCTGG-CGATCAGC-READ1_relocate2_nonredundant.bed
NC_029261.1_5541977,5541980,mPing|non-reference|NA|nR158-L2-G2-P33-CGTGCTGG-CGATCAGC-READ1|relocate2|sr|346,0,-,nR158-L2-G2-P33-CGTGCTGG-CGATCAGC-READ1_relocate2_nonredundant.bed
NC_029261.1_5711664,5711667,mPing|non-reference|NA|nR158-L2-G2-P33-CGTGCTGG-CGATCAGC-READ1|relocate2|sr|347,0,-,nR158-L2-G2-P33-CGTGCTGG-CGATCAGC-READ1_relocate2_nonredundant.bed
NC_029261.1_6151041,6151044,mPing|non-reference|NA|nR158-L2-G2-P33-CGTGCTGG-CGATCAGC-READ1|relocate2|sr|348,0,-,nR158-L2-G2-P33-CGTGCTGG-CGATCAGC-READ1_relocate2_nonredundant.bed
NC_029261.1_6356701,6356704,mPing|non-reference|NA|nR158-L2-G2-P33-CGTGCTGG-CGATCAGC-READ1|relocate2|sr|349,0,-,nR158-L2-G2-P33-CGTGCTGG-CGATCAGC-READ1_relocate2_nonredundant.bed
NC_029261.1_6521724,6521727,mPing|non-reference|NA|nR158-L2-G2-P33-CGTGCTGG-CGATCAGC-READ1|relocate2|sr|350,0,+,nR158-L2-G2-P33-CGTGCTGG-CGATCAGC-READ1_relocate2_nonredundant.bed
NC_029261.1_6699496,6699499,mPing|non-reference|NA|nR158-L2-G2-P33-CGTGCTGG-CGATCAGC-READ1|relocate2|sr|351,0,-,nR158-L2-G2-P33-CGTGCTGG-CGATCAGC-READ1_relocate2_nonredundant.bed
NC_029261.1_6848915,6848918,mPing|non-reference|NA|nR158-L2-G2-P33-CGTGCTGG-CGATCAGC-READ1|relocate2|sr|352,0,+,nR158-L2-G2-P33-CGTGCTGG-CGATCAGC-READ1_relocate2_nonredundant.bed
NC_029261.1_7043848,7043851,mPing|non-reference|NA|nR158-L2-G2-P33-CGTGCTGG-CGATCAGC-READ1|relocate2|sr|353,0,+,nR158-L2-G2-P33-CGTGCTGG-CGATCAGC-READ1_relocate2_nonredundant.bed
NC_029261.1_7240933,7240936,mPing|non-reference|NA|nR158-L2-G2-P33-CGTGCTGG-CGATCAGC-READ1|relocate2|sr|354,0,-,nR158-L2-G2-P33-CGTGCTGG-CGATCAGC-READ1_relocate2_nonredundant.bed
NC_029261.1_7628081,7628084,mPing|non-reference|NA|nR158-L2-G2-P33-CGTGCTGG-CGATCAGC-READ1|relocate2|sr|355,0,-,nR158-L2-G2-P33-CGTGCTGG-CGATCAGC-READ1_relocate2_nonredundant.bed
NC_029261.1_11552864,11552867,mPing|non-reference|NA|nR158-L2-G2-P33-CGTGCTGG-CGATCAGC-READ1|relocate2|sr|356,0,-,nR158-L2-G2-P33-CGTGCTGG-CGATCAGC-READ1_relocate2_nonredundant.bed
NC_029261.1_13968973,13968976,mPing|non-reference|NA|nR158-L2-G2-P33-CGTGCTGG-CGATCAGC-READ1|relocate2|sr|357,0,-,nR158-L2-G2-P33-CGTGCTGG-CGATCAGC-READ1_relocate2_nonredundant.bed
NC_029261.1_14533007,14533010,mPing|non-reference|NA|nR158-L2-G2-P33-CGTGCTGG-CGATCAGC-READ1|relocate2|sr|358,0,-,nR158-L2-G2-P33-CGTGCTGG-CGATCAGC-READ1_relocate2_nonredundant.bed
NC_029261.1_14650056,14650059,mPing|non-reference|NA|nR158-L2-G2-P33-CGTGCTGG-CGATCAGC-READ1|relocate2|sr|359,0,-,nR158-L2-G2-P33-CGTGCTGG-CGATCAGC-READ1_relocate2_nonredundant.bed
NC_029261.1_17290334,17290337,mPing|non-reference|NA|nR158-L2-G2-P33-CGTGCTGG-CGATCAGC-READ1|relocate2|sr|360,0,+,nR158-L2-G2-P33-CGTGCTGG-CGATCAGC-READ1_relocate2_nonredundant.bed
NC_029261.1_19875147,19875150,mPing|non-reference|NA|nR158-L2-G2-P33-CGTGCTGG-CGATCAGC-READ1|relocate2|sr|361,0,+,nR158-L2-G2-P33-CGTGCTGG-CGATCAGC-READ1_relocate2_nonredundant.bed
NC_029261.1_20709176,20709179,mPing|non-reference|NA|nR158-L2-G2-P33-CGTGCTGG-CGATCAGC-READ1|relocate2|sr|362,0,+,nR158-L2-G2-P33-CGTGCTGG-CGATCAGC-READ1_relocate2_nonredundant.bed
NC_029261.1_21010524,21010527,mPing|non-reference|NA|nR158-L2-G2-P33-CGTGCTGG-CGATCAGC-READ1|relocate2|sr|363,0,+,nR158-L2-G2-P33-CGTGCTGG-CGATCAGC-READ1_relocate2_nonredundant.bed
NC_029261.1_21359906,21359909,mPing|non-reference|NA|nR158-L2-G2-P33-CGTGCTGG-CGATCAGC-READ1|relocate2|sr|364,0,-,nR158-L2-G2-P33-CGTGCTGG-CGATCAGC-READ1_relocate2_nonredundant.bed
NC_029261.1_21805494,21805497,mPing|non-reference|NA|nR158-L2-G2-P33-CGTGCTGG-CGATCAGC-READ1|relocate2|sr|365,0,+,nR158-L2-G2-P33-CGTGCTGG-CGATCAGC-READ1_relocate2_nonredundant.bed
NC_029261.1_22181787,22181790,mPing|non-reference|NA|nR158-L2-G2-P33-CGTGCTGG-CGATCAGC-READ1|relocate2|sr|366,0,+,nR158-L2-G2-P33-CGTGCTGG-CGATCAGC-READ1_relocate2_nonredundant.bed
NC_029261.1_22646014,22646017,mPing|non-reference|NA|nR158-L2-G2-P33-CGTGCTGG-CGATCAGC-READ1|relocate2|sr|367,0,-,nR158-L2-G2-P33-CGTGCTGG-CGATCAGC-READ1_relocate2_nonredundant.bed
NC_029261.1_23126473,23126476,mPing|non-reference|NA|nR158-L2-G2-P33-CGTGCTGG-CGATCAGC-READ1|relocate2|sr|368,0,+,nR158-L2-G2-P33-CGTGCTGG-CGATCAGC-READ1_relocate2_nonredundant.bed
NC_029261.1_23535330,23535333,mPing|non-reference|NA|nR158-L2-G2-P33-CGTGCTGG-CGATCAGC-READ1|relocate2|sr|369,0,+,nR158-L2-G2-P33-CGTGCTGG-CGATCAGC-READ1_relocate2_nonredundant.bed
NC_029261.1_23734614,23734617,mPing|non-reference|NA|nR158-L2-G2-P33-CGTGCTGG-CGATCAGC-READ1|relocate2|sr|370,0,-,nR158-L2-G2-P33-CGTGCTGG-CGATCAGC-READ1_relocate2_nonredundant.bed
NC_029261.1_24358871,24358874,mPing|non-reference|NA|nR158-L2-G2-P33-CGTGCTGG-CGATCAGC-READ1|relocate2|sr|371,0,+,nR158-L2-G2-P33-CGTGCTGG-CGATCAGC-READ1_relocate2_nonredundant.bed
NC_029261.1_24736784,24736787,mPing|non-reference|NA|nR158-L2-G2-P33-CGTGCTGG-CGATCAGC-READ1|relocate2|sr|372,0,+,nR158-L2-G2-P33-CGTGCTGG-CGATCAGC-READ1_relocate2_nonredundant.bed
NC_029261.1_24906942,24906945,mPing|non-reference|NA|nR158-L2-G2-P33-CGTGCTGG-CGATCAGC-READ1|relocate2|sr|373,0,-,nR158-L2-G2-P33-CGTGCTGG-CGATCAGC-READ1_relocate2_nonredundant.bed
NC_029261.1_25002505,25002508,mPing|non-reference|NA|nR158-L2-G2-P33-CGTGCTGG-CGATCAGC-READ1|relocate2|sr|374,0,+,nR158-L2-G2-P33-CGTGCTGG-CGATCAGC-READ1_relocate2_nonredundant.bed
NC_029261.1_26083882,26083885,mPing|non-reference|NA|nR158-L2-G2-P33-CGTGCTGG-CGATCAGC-READ1|relocate2|sr|375,0,-,nR158-L2-G2-P33-CGTGCTGG-CGATCAGC-READ1_relocate2_nonredundant.bed
NC_029261.1_26084881,26084884,mPing|non-reference|NA|nR158-L2-G2-P33-CGTGCTGG-CGATCAGC-READ1|relocate2|sr|376,0,-,nR158-L2-G2-P33-CGTGCTGG-CGATCAGC-READ1_relocate2_nonredundant.bed
NC_029261.1_26417517,26417520,mPing|non-reference|NA|nR158-L2-G2-P33-CGTGCTGG-CGATCAGC-READ1|relocate2|sr|377,0,+,nR158-L2-G2-P33-CGTGCTGG-CGATCAGC-READ1_relocate2_nonredundant.bed
NC_029261.1_26664746,26664749,mPing|non-reference|NA|nR158-L2-G2-P33-CGTGCTGG-CGATCAGC-READ1|relocate2|sr|378,0,-,nR158-L2-G2-P33-CGTGCTGG-CGATCAGC-READ1_relocate2_nonredundant.bed
NC_029261.1_27766372,27766375,mPing|non-reference|NA|nR158-L2-G2-P33-CGTGCTGG-CGATCAGC-READ1|relocate2|sr|379,0,-,nR158-L2-G2-P33-CGTGCTGG-CGATCAGC-READ1_relocate2_nonredundant.bed
NC_029261.1_27840590,27840593,mPing|non-reference|NA|nR158-L2-G2-P33-CGTGCTGG-CGATCAGC-READ1|relocate2|sr|380,0,-,nR158-L2-G2-P33-CGTGCTGG-CGATCAGC-READ1_relocate2_nonredundant.bed
NC_029261.1_28915938,28915941,mPing|non-reference|NA|nR158-L2-G2-P33-CGTGCTGG-CGATCAGC-READ1|relocate2|sr|381,0,+,nR158-L2-G2-P33-CGTGCTGG-CGATCAGC-READ1_relocate2_nonredundant.bed
NC_029261.1_29756945,29756948,mPing|non-reference|NA|nR158-L2-G2-P33-CGTGCTGG-CGATCAGC-READ1|relocate2|sr|382,0,+,nR158-L2-G2-P33-CGTGCTGG-CGATCAGC-READ1_relocate2_nonredundant.bed
NC_029261.1_31117136,31117139,mPing|non-reference|NA|nR158-L2-G2-P33-CGTGCTGG-CGATCAGC-READ1|relocate2|sr|383,0,-,nR158-L2-G2-P33-CGTGCTGG-CGATCAGC-READ1_relocate2_nonredundant.bed
NC_029262.1_1246378,1246381,mPing|non-reference|NA|nR158-L2-G2-P33-CGTGCTGG-CGATCAGC-READ1|relocate2|sr|384,0,-,nR158-L2-G2-P33-CGTGCTGG-CGATCAGC-READ1_relocate2_nonredundant.bed
NC_029262.1_1765732,1765735,mPing|non-reference|NA|nR158-L2-G2-P33-CGTGCTGG-CGATCAGC-READ1|relocate2|sr|385,0,+,nR158-L2-G2-P33-CGTGCTGG-CGATCAGC-READ1_relocate2_nonredundant.bed
NC_029262.1_2143592,2143595,mPing|non-reference|NA|nR158-L2-G2-P33-CGTGCTGG-CGATCAGC-READ1|relocate2|sr|386,0,+,nR158-L2-G2-P33-CGTGCTGG-CGATCAGC-READ1_relocate2_nonredundant.bed
NC_029262.1_2237392,2237395,mPing|non-reference|NA|nR158-L2-G2-P33-CGTGCTGG-CGATCAGC-READ1|relocate2|sr|387,0,-,nR158-L2-G2-P33-CGTGCTGG-CGATCAGC-READ1_relocate2_nonredundant.bed
NC_029262.1_3667744,3667747,mPing|non-reference|NA|nR158-L2-G2-P33-CGTGCTGG-CGATCAGC-READ1|relocate2|sr|388,0,+,nR158-L2-G2-P33-CGTGCTGG-CGATCAGC-READ1_relocate2_nonredundant.bed
NC_029262.1_3889221,3889224,mPing|non-reference|NA|nR158-L2-G2-P33-CGTGCTGG-CGATCAGC-READ1|relocate2|sr|389,0,-,nR158-L2-G2-P33-CGTGCTGG-CGATCAGC-READ1_relocate2_nonredundant.bed
NC_029262.1_4019951,4019954,mPing|non-reference|NA|nR158-L2-G2-P33-CGTGCTGG-CGATCAGC-READ1|relocate2|sr|390,0,+,nR158-L2-G2-P33-CGTGCTGG-CGATCAGC-READ1_relocate2_nonredundant.bed
NC_029262.1_4031358,4031361,mPing|non-reference|NA|nR158-L2-G2-P33-CGTGCTGG-CGATCAGC-READ1|relocate2|sr|391,0,-,nR158-L2-G2-P33-CGTGCTGG-CGATCAGC-READ1_relocate2_nonredundant.bed
NC_029262.1_4049586,4049589,mPing|non-reference|NA|nR158-L2-G2-P33-CGTGCTGG-CGATCAGC-READ1|relocate2|sr|392,0,-,nR158-L2-G2-P33-CGTGCTGG-CGATCAGC-READ1_relocate2_nonredundant.bed
NC_029262.1_4283790,4283793,mPing|non-reference|NA|nR158-L2-G2-P33-CGTGCTGG-CGATCAGC-READ1|relocate2|sr|393,0,-,nR158-L2-G2-P33-CGTGCTGG-CGATCAGC-READ1_relocate2_nonredundant.bed
NC_029262.1_7541939,7541942,mPing|non-reference|NA|nR158-L2-G2-P33-CGTGCTGG-CGATCAGC-READ1|relocate2|sr|394,0,+,nR158-L2-G2-P33-CGTGCTGG-CGATCAGC-READ1_relocate2_nonredundant.bed
NC_029262.1_8541854,8541857,mPing|non-reference|NA|nR158-L2-G2-P33-CGTGCTGG-CGATCAGC-READ1|relocate2|sr|395,0,+,nR158-L2-G2-P33-CGTGCTGG-CGATCAGC-READ1_relocate2_nonredundant.bed
NC_029262.1_12440865,12440868,mPing|non-reference|NA|nR158-L2-G2-P33-CGTGCTGG-CGATCAGC-READ1|relocate2|sr|396,0,-,nR158-L2-G2-P33-CGTGCTGG-CGATCAGC-READ1_relocate2_nonredundant.bed
NC_029262.1_16258988,16258991,mPing|non-reference|NA|nR158-L2-G2-P33-CGTGCTGG-CGATCAGC-READ1|relocate2|sr|397,0,+,nR158-L2-G2-P33-CGTGCTGG-CGATCAGC-READ1_relocate2_nonredundant.bed
NC_029262.1_18920531,18920534,mPing|non-reference|NA|nR158-L2-G2-P33-CGTGCTGG-CGATCAGC-READ1|relocate2|sr|398,0,+,nR158-L2-G2-P33-CGTGCTGG-CGATCAGC-READ1_relocate2_nonredundant.bed
NC_029262.1_19010135,19010138,mPing|non-reference|NA|nR158-L2-G2-P33-CGTGCTGG-CGATCAGC-READ1|relocate2|sr|399,0,-,nR158-L2-G2-P33-CGTGCTGG-CGATCAGC-READ1_relocate2_nonredundant.bed
NC_029262.1_19620796,19620799,mPing|non-reference|NA|nR158-L2-G2-P33-CGTGCTGG-CGATCAGC-READ1|relocate2|sr|400,0,-,nR158-L2-G2-P33-CGTGCTGG-CGATCAGC-READ1_relocate2_nonredundant.bed
NC_029262.1_20152298,20152301,mPing|non-reference|NA|nR158-L2-G2-P33-CGTGCTGG-CGATCAGC-READ1|relocate2|sr|401,0,-,nR158-L2-G2-P33-CGTGCTGG-CGATCAGC-READ1_relocate2_nonredundant.bed
NC_029262.1_20204537,20204540,mPing|non-reference|NA|nR158-L2-G2-P33-CGTGCTGG-CGATCAGC-READ1|relocate2|sr|402,0,+,nR158-L2-G2-P33-CGTGCTGG-CGATCAGC-READ1_relocate2_nonredundant.bed
NC_029262.1_20615707,20615710,mPing|non-reference|NA|nR158-L2-G2-P33-CGTGCTGG-CGATCAGC-READ1|relocate2|sr|403,0,-,nR158-L2-G2-P33-CGTGCTGG-CGATCAGC-READ1_relocate2_nonredundant.bed
NC_029262.1_21376224,21376227,mPing|non-reference|NA|nR158-L2-G2-P33-CGTGCTGG-CGATCAGC-READ1|relocate2|sr|404,0,+,nR158-L2-G2-P33-CGTGCTGG-CGATCAGC-READ1_relocate2_nonredundant.bed
NC_029262.1_21402839,21402842,mPing|non-reference|NA|nR158-L2-G2-P33-CGTGCTGG-CGATCAGC-READ1|relocate2|sr|405,0,+,nR158-L2-G2-P33-CGTGCTGG-CGATCAGC-READ1_relocate2_nonredundant.bed
NC_029262.1_21692303,21692306,mPing|non-reference|NA|nR158-L2-G2-P33-CGTGCTGG-CGATCAGC-READ1|relocate2|sr|406,0,-,nR158-L2-G2-P33-CGTGCTGG-CGATCAGC-READ1_relocate2_nonredundant.bed
NC_029262.1_22318243,22318246,mPing|non-reference|NA|nR158-L2-G2-P33-CGTGCTGG-CGATCAGC-READ1|relocate2|sr|407,0,-,nR158-L2-G2-P33-CGTGCTGG-CGATCAGC-READ1_relocate2_nonredundant.bed
NC_029262.1_22732982,22732985,mPing|non-reference|NA|nR158-L2-G2-P33-CGTGCTGG-CGATCAGC-READ1|relocate2|sr|408,0,-,nR158-L2-G2-P33-CGTGCTGG-CGATCAGC-READ1_relocate2_nonredundant.bed
NC_029262.1_23272143,23272146,mPing|non-reference|NA|nR158-L2-G2-P33-CGTGCTGG-CGATCAGC-READ1|relocate2|sr|409,0,-,nR158-L2-G2-P33-CGTGCTGG-CGATCAGC-READ1_relocate2_nonredundant.bed
NC_029262.1_23682300,23682303,mPing|non-reference|NA|nR158-L2-G2-P33-CGTGCTGG-CGATCAGC-READ1|relocate2|sr|410,0,+,nR158-L2-G2-P33-CGTGCTGG-CGATCAGC-READ1_relocate2_nonredundant.bed
NC_029262.1_24315404,24315407,mPing|non-reference|NA|nR158-L2-G2-P33-CGTGCTGG-CGATCAGC-READ1|relocate2|sr|411,0,-,nR158-L2-G2-P33-CGTGCTGG-CGATCAGC-READ1_relocate2_nonredundant.bed
NC_029262.1_24773097,24773100,mPing|non-reference|NA|nR158-L2-G2-P33-CGTGCTGG-CGATCAGC-READ1|relocate2|sr|412,0,-,nR158-L2-G2-P33-CGTGCTGG-CGATCAGC-READ1_relocate2_nonredundant.bed
NC_029262.1_26909813,26909816,mPing|non-reference|NA|nR158-L2-G2-P33-CGTGCTGG-CGATCAGC-READ1|relocate2|sr|413,0,+,nR158-L2-G2-P33-CGTGCTGG-CGATCAGC-READ1_relocate2_nonredundant.bed
NC_029262.1_27443315,27443318,mPing|non-reference|NA|nR158-L2-G2-P33-CGTGCTGG-CGATCAGC-READ1|relocate2|sr|414,0,+,nR158-L2-G2-P33-CGTGCTGG-CGATCAGC-READ1_relocate2_nonredundant.bed
NC_029262.1_28525558,28525561,mPing|non-reference|NA|nR158-L2-G2-P33-CGTGCTGG-CGATCAGC-READ1|relocate2|sr|415,0,-,nR158-L2-G2-P33-CGTGCTGG-CGATCAGC-READ1_relocate2_nonredundant.bed
NC_029262.1_28577215,28577218,mPing|non-reference|NA|nR158-L2-G2-P33-CGTGCTGG-CGATCAGC-READ1|relocate2|sr|416,0,-,nR158-L2-G2-P33-CGTGCTGG-CGATCAGC-READ1_relocate2_nonredundant.bed
NC_029262.1_28821662,28821665,mPing|non-reference|NA|nR158-L2-G2-P33-CGTGCTGG-CGATCAGC-READ1|relocate2|sr|417,0,+,nR158-L2-G2-P33-CGTGCTGG-CGATCAGC-READ1_relocate2_nonredundant.bed
NC_029262.1_29484348,29484351,mPing|non-reference|NA|nR158-L2-G2-P33-CGTGCTGG-CGATCAGC-READ1|relocate2|sr|418,0,-,nR158-L2-G2-P33-CGTGCTGG-CGATCAGC-READ1_relocate2_nonredundant.bed
NC_029263.1_763040,763043,mPing|non-reference|NA|nR158-L2-G2-P33-CGTGCTGG-CGATCAGC-READ1|relocate2|sr|419,0,+,nR158-L2-G2-P33-CGTGCTGG-CGATCAGC-READ1_relocate2_nonredundant.bed
NC_029263.1_1015024,1015027,mPing|non-reference|NA|nR158-L2-G2-P33-CGTGCTGG-CGATCAGC-READ1|relocate2|sr|420,0,+,nR158-L2-G2-P33-CGTGCTGG-CGATCAGC-READ1_relocate2_nonredundant.bed
NC_029263.1_1661224,1661227,mPing|non-reference|NA|nR158-L2-G2-P33-CGTGCTGG-CGATCAGC-READ1|relocate2|sr|421,0,-,nR158-L2-G2-P33-CGTGCTGG-CGATCAGC-READ1_relocate2_nonredundant.bed
NC_029263.1_2433357,2433360,mPing|non-reference|NA|nR158-L2-G2-P33-CGTGCTGG-CGATCAGC-READ1|relocate2|sr|422,0,+,nR158-L2-G2-P33-CGTGCTGG-CGATCAGC-READ1_relocate2_nonredundant.bed
NC_029263.1_3543780,3543783,mPing|non-reference|NA|nR158-L2-G2-P33-CGTGCTGG-CGATCAGC-READ1|relocate2|sr|423,0,+,nR158-L2-G2-P33-CGTGCTGG-CGATCAGC-READ1_relocate2_nonredundant.bed
NC_029263.1_5033538,5033541,mPing|non-reference|NA|nR158-L2-G2-P33-CGTGCTGG-CGATCAGC-READ1|relocate2|sr|424,0,+,nR158-L2-G2-P33-CGTGCTGG-CGATCAGC-READ1_relocate2_nonredundant.bed
NC_029263.1_5556704,5556707,mPing|non-reference|NA|nR158-L2-G2-P33-CGTGCTGG-CGATCAGC-READ1|relocate2|sr|425,0,+,nR158-L2-G2-P33-CGTGCTGG-CGATCAGC-READ1_relocate2_nonredundant.bed
NC_029263.1_9683605,9683608,mPing|non-reference|NA|nR158-L2-G2-P33-CGTGCTGG-CGATCAGC-READ1|relocate2|sr|426,0,-,nR158-L2-G2-P33-CGTGCTGG-CGATCAGC-READ1_relocate2_nonredundant.bed
NC_029263.1_10729276,10729279,mPing|non-reference|NA|nR158-L2-G2-P33-CGTGCTGG-CGATCAGC-READ1|relocate2|sr|427,0,+,nR158-L2-G2-P33-CGTGCTGG-CGATCAGC-READ1_relocate2_nonredundant.bed
NC_029263.1_11413096,11413099,mPing|non-reference|NA|nR158-L2-G2-P33-CGTGCTGG-CGATCAGC-READ1|relocate2|sr|428,0,-,nR158-L2-G2-P33-CGTGCTGG-CGATCAGC-READ1_relocate2_nonredundant.bed
NC_029263.1_11454145,11454148,mPing|non-reference|NA|nR158-L2-G2-P33-CGTGCTGG-CGATCAGC-READ1|relocate2|sr|429,0,-,nR158-L2-G2-P33-CGTGCTGG-CGATCAGC-READ1_relocate2_nonredundant.bed
NC_029263.1_11774721,11774724,mPing|non-reference|NA|nR158-L2-G2-P33-CGTGCTGG-CGATCAGC-READ1|relocate2|sr|430,0,-,nR158-L2-G2-P33-CGTGCTGG-CGATCAGC-READ1_relocate2_nonredundant.bed
NC_029263.1_19456158,19456161,mPing|non-reference|NA|nR158-L2-G2-P33-CGTGCTGG-CGATCAGC-READ1|relocate2|sr|431,0,-,nR158-L2-G2-P33-CGTGCTGG-CGATCAGC-READ1_relocate2_nonredundant.bed
NC_029263.1_19573350,19573353,mPing|non-reference|NA|nR158-L2-G2-P33-CGTGCTGG-CGATCAGC-READ1|relocate2|sr|432,0,-,nR158-L2-G2-P33-CGTGCTGG-CGATCAGC-READ1_relocate2_nonredundant.bed
NC_029263.1_19671059,19671062,mPing|non-reference|NA|nR158-L2-G2-P33-CGTGCTGG-CGATCAGC-READ1|relocate2|sr|433,0,-,nR158-L2-G2-P33-CGTGCTGG-CGATCAGC-READ1_relocate2_nonredundant.bed
NC_029263.1_19840875,19840878,mPing|non-reference|NA|nR158-L2-G2-P33-CGTGCTGG-CGATCAGC-READ1|relocate2|sr|434,0,-,nR158-L2-G2-P33-CGTGCTGG-CGATCAGC-READ1_relocate2_nonredundant.bed
NC_029263.1_20628371,20628374,mPing|non-reference|NA|nR158-L2-G2-P33-CGTGCTGG-CGATCAGC-READ1|relocate2|sr|435,0,-,nR158-L2-G2-P33-CGTGCTGG-CGATCAGC-READ1_relocate2_nonredundant.bed
NC_029263.1_21303491,21303494,mPing|non-reference|NA|nR158-L2-G2-P33-CGTGCTGG-CGATCAGC-READ1|relocate2|sr|436,0,-,nR158-L2-G2-P33-CGTGCTGG-CGATCAGC-READ1_relocate2_nonredundant.bed
NC_029263.1_23289526,23289529,mPing|non-reference|NA|nR158-L2-G2-P33-CGTGCTGG-CGATCAGC-READ1|relocate2|sr|437,0,-,nR158-L2-G2-P33-CGTGCTGG-CGATCAGC-READ1_relocate2_nonredundant.bed
NC_029263.1_23714170,23714173,mPing|non-reference|NA|nR158-L2-G2-P33-CGTGCTGG-CGATCAGC-READ1|relocate2|sr|438,0,+,nR158-L2-G2-P33-CGTGCTGG-CGATCAGC-READ1_relocate2_nonredundant.bed
NC_029263.1_24175360,24175363,mPing|non-reference|NA|nR158-L2-G2-P33-CGTGCTGG-CGATCAGC-READ1|relocate2|sr|439,0,-,nR158-L2-G2-P33-CGTGCTGG-CGATCAGC-READ1_relocate2_nonredundant.bed
NC_029263.1_24830520,24830523,mPing|non-reference|NA|nR158-L2-G2-P33-CGTGCTGG-CGATCAGC-READ1|relocate2|sr|440,0,+,nR158-L2-G2-P33-CGTGCTGG-CGATCAGC-READ1_relocate2_nonredundant.bed
NC_029263.1_24881079,24881082,mPing|non-reference|NA|nR158-L2-G2-P33-CGTGCTGG-CGATCAGC-READ1|relocate2|sr|441,0,+,nR158-L2-G2-P33-CGTGCTGG-CGATCAGC-READ1_relocate2_nonredundant.bed
NC_029263.1_25640584,25640587,mPing|non-reference|NA|nR158-L2-G2-P33-CGTGCTGG-CGATCAGC-READ1|relocate2|sr|442,0,-,nR158-L2-G2-P33-CGTGCTGG-CGATCAGC-READ1_relocate2_nonredundant.bed
NC_029263.1_26430164,26430167,mPing|non-reference|NA|nR158-L2-G2-P33-CGTGCTGG-CGATCAGC-READ1|relocate2|sr|443,0,+,nR158-L2-G2-P33-CGTGCTGG-CGATCAGC-READ1_relocate2_nonredundant.bed
NC_029263.1_26602700,26602703,mPing|non-reference|NA|nR158-L2-G2-P33-CGTGCTGG-CGATCAGC-READ1|relocate2|sr|444,0,+,nR158-L2-G2-P33-CGTGCTGG-CGATCAGC-READ1_relocate2_nonredundant.bed
NC_029263.1_26734998,26735001,mPing|non-reference|NA|nR158-L2-G2-P33-CGTGCTGG-CGATCAGC-READ1|relocate2|sr|445,0,-,nR158-L2-G2-P33-CGTGCTGG-CGATCAGC-READ1_relocate2_nonredundant.bed
NC_029263.1_27152477,27152480,mPing|non-reference|NA|nR158-L2-G2-P33-CGTGCTGG-CGATCAGC-READ1|relocate2|sr|446,0,+,nR158-L2-G2-P33-CGTGCTGG-CGATCAGC-READ1_relocate2_nonredundant.bed
NC_029263.1_28359810,28359813,mPing|non-reference|NA|nR158-L2-G2-P33-CGTGCTGG-CGATCAGC-READ1|relocate2|sr|447,0,-,nR158-L2-G2-P33-CGTGCTGG-CGATCAGC-READ1_relocate2_nonredundant.bed
NC_029264.1_3654820,3654823,mPing|non-reference|NA|nR158-L2-G2-P33-CGTGCTGG-CGATCAGC-READ1|relocate2|sr|448,0,+,nR158-L2-G2-P33-CGTGCTGG-CGATCAGC-READ1_relocate2_nonredundant.bed
NC_029264.1_12032821,12032824,mPing|non-reference|NA|nR158-L2-G2-P33-CGTGCTGG-CGATCAGC-READ1|relocate2|sr|449,0,-,nR158-L2-G2-P33-CGTGCTGG-CGATCAGC-READ1_relocate2_nonredundant.bed
NC_029264.1_13736140,13736143,mPing|non-reference|NA|nR158-L2-G2-P33-CGTGCTGG-CGATCAGC-READ1|relocate2|sr|450,0,-,nR158-L2-G2-P33-CGTGCTGG-CGATCAGC-READ1_relocate2_nonredundant.bed
NC_029264.1_13739918,13739921,mPing|non-reference|NA|nR158-L2-G2-P33-CGTGCTGG-CGATCAGC-READ1|relocate2|sr|451,0,-,nR158-L2-G2-P33-CGTGCTGG-CGATCAGC-READ1_relocate2_nonredundant.bed
NC_029264.1_13762285,13762288,mPing|non-reference|NA|nR158-L2-G2-P33-CGTGCTGG-CGATCAGC-READ1|relocate2|sr|452,0,+,nR158-L2-G2-P33-CGTGCTGG-CGATCAGC-READ1_relocate2_nonredundant.bed
NC_029264.1_14118722,14118725,mPing|non-reference|NA|nR158-L2-G2-P33-CGTGCTGG-CGATCAGC-READ1|relocate2|sr|453,0,-,nR158-L2-G2-P33-CGTGCTGG-CGATCAGC-READ1_relocate2_nonredundant.bed
NC_029264.1_15242689,15242692,mPing|non-reference|NA|nR158-L2-G2-P33-CGTGCTGG-CGATCAGC-READ1|relocate2|sr|454,0,+,nR158-L2-G2-P33-CGTGCTGG-CGATCAGC-READ1_relocate2_nonredundant.bed
NC_029264.1_15710720,15710723,mPing|non-reference|NA|nR158-L2-G2-P33-CGTGCTGG-CGATCAGC-READ1|relocate2|sr|455,0,-,nR158-L2-G2-P33-CGTGCTGG-CGATCAGC-READ1_relocate2_nonredundant.bed
NC_029264.1_16182068,16182071,mPing|non-reference|NA|nR158-L2-G2-P33-CGTGCTGG-CGATCAGC-READ1|relocate2|sr|456,0,+,nR158-L2-G2-P33-CGTGCTGG-CGATCAGC-READ1_relocate2_nonredundant.bed
NC_029264.1_16865569,16865572,mPing|non-reference|NA|nR158-L2-G2-P33-CGTGCTGG-CGATCAGC-READ1|relocate2|sr|457,0,-,nR158-L2-G2-P33-CGTGCTGG-CGATCAGC-READ1_relocate2_nonredundant.bed
NC_029264.1_18012312,18012315,mPing|non-reference|NA|nR158-L2-G2-P33-CGTGCTGG-CGATCAGC-READ1|relocate2|sr|458,0,+,nR158-L2-G2-P33-CGTGCTGG-CGATCAGC-READ1_relocate2_nonredundant.bed
NC_029264.1_18164832,18164835,mPing|non-reference|NA|nR158-L2-G2-P33-CGTGCTGG-CGATCAGC-READ1|relocate2|sr|459,0,-,nR158-L2-G2-P33-CGTGCTGG-CGATCAGC-READ1_relocate2_nonredundant.bed
NC_029264.1_18587844,18587847,mPing|non-reference|NA|nR158-L2-G2-P33-CGTGCTGG-CGATCAGC-READ1|relocate2|sr|460,0,+,nR158-L2-G2-P33-CGTGCTGG-CGATCAGC-READ1_relocate2_nonredundant.bed
NC_029264.1_19174229,19174232,mPing|non-reference|NA|nR158-L2-G2-P33-CGTGCTGG-CGATCAGC-READ1|relocate2|sr|461,0,-,nR158-L2-G2-P33-CGTGCTGG-CGATCAGC-READ1_relocate2_nonredundant.bed
NC_029264.1_19637390,19637393,mPing|non-reference|NA|nR158-L2-G2-P33-CGTGCTGG-CGATCAGC-READ1|relocate2|sr|462,0,+,nR158-L2-G2-P33-CGTGCTGG-CGATCAGC-READ1_relocate2_nonredundant.bed
NC_029264.1_20250174,20250177,mPing|non-reference|NA|nR158-L2-G2-P33-CGTGCTGG-CGATCAGC-READ1|relocate2|sr|463,0,+,nR158-L2-G2-P33-CGTGCTGG-CGATCAGC-READ1_relocate2_nonredundant.bed
NC_029264.1_20804029,20804032,mPing|non-reference|NA|nR158-L2-G2-P33-CGTGCTGG-CGATCAGC-READ1|relocate2|sr|464,0,+,nR158-L2-G2-P33-CGTGCTGG-CGATCAGC-READ1_relocate2_nonredundant.bed
NC_029264.1_22496176,22496179,mPing|non-reference|NA|nR158-L2-G2-P33-CGTGCTGG-CGATCAGC-READ1|relocate2|sr|465,0,-,nR158-L2-G2-P33-CGTGCTGG-CGATCAGC-READ1_relocate2_nonredundant.bed
NC_029265.1_664875,664878,mPing|non-reference|NA|nR158-L2-G2-P33-CGTGCTGG-CGATCAGC-READ1|relocate2|sr|466,0,+,nR158-L2-G2-P33-CGTGCTGG-CGATCAGC-READ1_relocate2_nonredundant.bed
NC_029265.1_773371,773374,mPing|non-reference|NA|nR158-L2-G2-P33-CGTGCTGG-CGATCAGC-READ1|relocate2|sr|467,0,+,nR158-L2-G2-P33-CGTGCTGG-CGATCAGC-READ1_relocate2_nonredundant.bed
NC_029265.1_1267743,1267746,mPing|non-reference|NA|nR158-L2-G2-P33-CGTGCTGG-CGATCAGC-READ1|relocate2|sr|468,0,+,nR158-L2-G2-P33-CGTGCTGG-CGATCAGC-READ1_relocate2_nonredundant.bed
NC_029265.1_1896880,1896883,mPing|non-reference|NA|nR158-L2-G2-P33-CGTGCTGG-CGATCAGC-READ1|relocate2|sr|469,0,+,nR158-L2-G2-P33-CGTGCTGG-CGATCAGC-READ1_relocate2_nonredundant.bed
NC_029265.1_2990544,2990547,mPing|non-reference|NA|nR158-L2-G2-P33-CGTGCTGG-CGATCAGC-READ1|relocate2|sr|470,0,+,nR158-L2-G2-P33-CGTGCTGG-CGATCAGC-READ1_relocate2_nonredundant.bed
NC_029265.1_5243284,5243287,mPing|non-reference|NA|nR158-L2-G2-P33-CGTGCTGG-CGATCAGC-READ1|relocate2|sr|471,0,+,nR158-L2-G2-P33-CGTGCTGG-CGATCAGC-READ1_relocate2_nonredundant.bed
NC_029265.1_6566242,6566245,mPing|non-reference|NA|nR158-L2-G2-P33-CGTGCTGG-CGATCAGC-READ1|relocate2|sr|472,0,+,nR158-L2-G2-P33-CGTGCTGG-CGATCAGC-READ1_relocate2_nonredundant.bed
NC_029265.1_6896565,6896568,mPing|non-reference|NA|nR158-L2-G2-P33-CGTGCTGG-CGATCAGC-READ1|relocate2|sr|473,0,-,nR158-L2-G2-P33-CGTGCTGG-CGATCAGC-READ1_relocate2_nonredundant.bed
NC_029265.1_7356178,7356181,mPing|non-reference|NA|nR158-L2-G2-P33-CGTGCTGG-CGATCAGC-READ1|relocate2|sr|474,0,-,nR158-L2-G2-P33-CGTGCTGG-CGATCAGC-READ1_relocate2_nonredundant.bed
NC_029265.1_9169249,9169252,mPing|non-reference|NA|nR158-L2-G2-P33-CGTGCTGG-CGATCAGC-READ1|relocate2|sr|475,0,-,nR158-L2-G2-P33-CGTGCTGG-CGATCAGC-READ1_relocate2_nonredundant.bed
NC_029265.1_11110956,11110959,mPing|non-reference|NA|nR158-L2-G2-P33-CGTGCTGG-CGATCAGC-READ1|relocate2|sr|476,0,-,nR158-L2-G2-P33-CGTGCTGG-CGATCAGC-READ1_relocate2_nonredundant.bed
NC_029265.1_11955069,11955072,mPing|non-reference|NA|nR158-L2-G2-P33-CGTGCTGG-CGATCAGC-READ1|relocate2|sr|477,0,+,nR158-L2-G2-P33-CGTGCTGG-CGATCAGC-READ1_relocate2_nonredundant.bed
NC_029265.1_13102743,13102746,mPing|non-reference|NA|nR158-L2-G2-P33-CGTGCTGG-CGATCAGC-READ1|relocate2|sr|478,0,-,nR158-L2-G2-P33-CGTGCTGG-CGATCAGC-READ1_relocate2_nonredundant.bed
NC_029265.1_13370540,13370543,mPing|non-reference|NA|nR158-L2-G2-P33-CGTGCTGG-CGATCAGC-READ1|relocate2|sr|479,0,+,nR158-L2-G2-P33-CGTGCTGG-CGATCAGC-READ1_relocate2_nonredundant.bed
NC_029265.1_13994123,13994126,mPing|non-reference|NA|nR158-L2-G2-P33-CGTGCTGG-CGATCAGC-READ1|relocate2|sr|480,0,+,nR158-L2-G2-P33-CGTGCTGG-CGATCAGC-READ1_relocate2_nonredundant.bed
NC_029265.1_14020305,14020308,mPing|non-reference|NA|nR158-L2-G2-P33-CGTGCTGG-CGATCAGC-READ1|relocate2|sr|481,0,-,nR158-L2-G2-P33-CGTGCTGG-CGATCAGC-READ1_relocate2_nonredundant.bed
NC_029265.1_15622296,15622299,mPing|non-reference|NA|nR158-L2-G2-P33-CGTGCTGG-CGATCAGC-READ1|relocate2|sr|482,0,-,nR158-L2-G2-P33-CGTGCTGG-CGATCAGC-READ1_relocate2_nonredundant.bed
NC_029265.1_16232073,16232076,mPing|non-reference|NA|nR158-L2-G2-P33-CGTGCTGG-CGATCAGC-READ1|relocate2|sr|483,0,-,nR158-L2-G2-P33-CGTGCTGG-CGATCAGC-READ1_relocate2_nonredundant.bed
NC_029265.1_16851281,16851284,mPing|non-reference|NA|nR158-L2-G2-P33-CGTGCTGG-CGATCAGC-READ1|relocate2|sr|484,0,+,nR158-L2-G2-P33-CGTGCTGG-CGATCAGC-READ1_relocate2_nonredundant.bed
NC_029265.1_17496870,17496873,mPing|non-reference|NA|nR158-L2-G2-P33-CGTGCTGG-CGATCAGC-READ1|relocate2|sr|485,0,-,nR158-L2-G2-P33-CGTGCTGG-CGATCAGC-READ1_relocate2_nonredundant.bed
NC_029265.1_18044213,18044216,mPing|non-reference|NA|nR158-L2-G2-P33-CGTGCTGG-CGATCAGC-READ1|relocate2|sr|486,0,+,nR158-L2-G2-P33-CGTGCTGG-CGATCAGC-READ1_relocate2_nonredundant.bed
NC_029265.1_18582482,18582485,mPing|non-reference|NA|nR158-L2-G2-P33-CGTGCTGG-CGATCAGC-READ1|relocate2|sr|487,0,+,nR158-L2-G2-P33-CGTGCTGG-CGATCAGC-READ1_relocate2_nonredundant.bed
NC_029265.1_18765102,18765105,mPing|non-reference|NA|nR158-L2-G2-P33-CGTGCTGG-CGATCAGC-READ1|relocate2|sr|488,0,-,nR158-L2-G2-P33-CGTGCTGG-CGATCAGC-READ1_relocate2_nonredundant.bed
NC_029265.1_19916908,19916911,mPing|non-reference|NA|nR158-L2-G2-P33-CGTGCTGG-CGATCAGC-READ1|relocate2|sr|489,0,-,nR158-L2-G2-P33-CGTGCTGG-CGATCAGC-READ1_relocate2_nonredundant.bed
NC_029265.1_21154948,21154951,mPing|non-reference|NA|nR158-L2-G2-P33-CGTGCTGG-CGATCAGC-READ1|relocate2|sr|490,0,+,nR158-L2-G2-P33-CGTGCTGG-CGATCAGC-READ1_relocate2_nonredundant.bed
NC_029265.1_21163117,21163120,mPing|non-reference|NA|nR158-L2-G2-P33-CGTGCTGG-CGATCAGC-READ1|relocate2|sr|491,0,-,nR158-L2-G2-P33-CGTGCTGG-CGATCAGC-READ1_relocate2_nonredundant.bed
NC_029265.1_21361205,21361208,mPing|non-reference|NA|nR158-L2-G2-P33-CGTGCTGG-CGATCAGC-READ1|relocate2|sr|492,0,+,nR158-L2-G2-P33-CGTGCTGG-CGATCAGC-READ1_relocate2_nonredundant.bed
NC_029265.1_22180693,22180696,mPing|non-reference|NA|nR158-L2-G2-P33-CGTGCTGG-CGATCAGC-READ1|relocate2|sr|493,0,-,nR158-L2-G2-P33-CGTGCTGG-CGATCAGC-READ1_relocate2_nonredundant.bed
NC_029265.1_22208767,22208770,mPing|non-reference|NA|nR158-L2-G2-P33-CGTGCTGG-CGATCAGC-READ1|relocate2|sr|494,0,+,nR158-L2-G2-P33-CGTGCTGG-CGATCAGC-READ1_relocate2_nonredundant.bed
NC_029265.1_22510406,22510409,mPing|non-reference|NA|nR158-L2-G2-P33-CGTGCTGG-CGATCAGC-READ1|relocate2|sr|495,0,-,nR158-L2-G2-P33-CGTGCTGG-CGATCAGC-READ1_relocate2_nonredundant.bed
NC_029265.1_22578378,22578381,mPing|non-reference|NA|nR158-L2-G2-P33-CGTGCTGG-CGATCAGC-READ1|relocate2|sr|496,0,+,nR158-L2-G2-P33-CGTGCTGG-CGATCAGC-READ1_relocate2_nonredundant.bed
NC_029266.1_617174,617177,mPing|non-reference|NA|nR158-L2-G2-P33-CGTGCTGG-CGATCAGC-READ1|relocate2|sr|497,0,-,nR158-L2-G2-P33-CGTGCTGG-CGATCAGC-READ1_relocate2_nonredundant.bed
NC_029266.1_714789,714792,mPing|non-reference|NA|nR158-L2-G2-P33-CGTGCTGG-CGATCAGC-READ1|relocate2|sr|498,0,-,nR158-L2-G2-P33-CGTGCTGG-CGATCAGC-READ1_relocate2_nonredundant.bed
NC_029266.1_2192350,2192353,mPing|non-reference|NA|nR158-L2-G2-P33-CGTGCTGG-CGATCAGC-READ1|relocate2|sr|499,0,+,nR158-L2-G2-P33-CGTGCTGG-CGATCAGC-READ1_relocate2_nonredundant.bed
NC_029266.1_2582224,2582227,mPing|non-reference|NA|nR158-L2-G2-P33-CGTGCTGG-CGATCAGC-READ1|relocate2|sr|500,0,-,nR158-L2-G2-P33-CGTGCTGG-CGATCAGC-READ1_relocate2_nonredundant.bed
NC_029266.1_3607038,3607041,mPing|non-reference|NA|nR158-L2-G2-P33-CGTGCTGG-CGATCAGC-READ1|relocate2|sr|501,0,+,nR158-L2-G2-P33-CGTGCTGG-CGATCAGC-READ1_relocate2_nonredundant.bed
NC_029266.1_3845770,3845773,mPing|non-reference|NA|nR158-L2-G2-P33-CGTGCTGG-CGATCAGC-READ1|relocate2|sr|502,0,-,nR158-L2-G2-P33-CGTGCTGG-CGATCAGC-READ1_relocate2_nonredundant.bed
NC_029266.1_4012271,4012274,mPing|non-reference|NA|nR158-L2-G2-P33-CGTGCTGG-CGATCAGC-READ1|relocate2|sr|503,0,-,nR158-L2-G2-P33-CGTGCTGG-CGATCAGC-READ1_relocate2_nonredundant.bed
NC_029266.1_7594413,7594416,mPing|non-reference|NA|nR158-L2-G2-P33-CGTGCTGG-CGATCAGC-READ1|relocate2|sr|504,0,+,nR158-L2-G2-P33-CGTGCTGG-CGATCAGC-READ1_relocate2_nonredundant.bed
NC_029266.1_10311097,10311100,mPing|non-reference|NA|nR158-L2-G2-P33-CGTGCTGG-CGATCAGC-READ1|relocate2|sr|505,0,-,nR158-L2-G2-P33-CGTGCTGG-CGATCAGC-READ1_relocate2_nonredundant.bed
NC_029266.1_13743296,13743299,mPing|non-reference|NA|nR158-L2-G2-P33-CGTGCTGG-CGATCAGC-READ1|relocate2|sr|506,0,+,nR158-L2-G2-P33-CGTGCTGG-CGATCAGC-READ1_relocate2_nonredundant.bed
NC_029266.1_15385199,15385202,mPing|non-reference|NA|nR158-L2-G2-P33-CGTGCTGG-CGATCAGC-READ1|relocate2|sr|507,0,-,nR158-L2-G2-P33-CGTGCTGG-CGATCAGC-READ1_relocate2_nonredundant.bed
NC_029266.1_15846502,15846505,mPing|non-reference|NA|nR158-L2-G2-P33-CGTGCTGG-CGATCAGC-READ1|relocate2|sr|508,0,+,nR158-L2-G2-P33-CGTGCTGG-CGATCAGC-READ1_relocate2_nonredundant.bed
NC_029266.1_16100808,16100811,mPing|non-reference|NA|nR158-L2-G2-P33-CGTGCTGG-CGATCAGC-READ1|relocate2|sr|509,0,-,nR158-L2-G2-P33-CGTGCTGG-CGATCAGC-READ1_relocate2_nonredundant.bed
NC_029266.1_16811327,16811330,mPing|non-reference|NA|nR158-L2-G2-P33-CGTGCTGG-CGATCAGC-READ1|relocate2|sr|510,0,+,nR158-L2-G2-P33-CGTGCTGG-CGATCAGC-READ1_relocate2_nonredundant.bed
NC_029266.1_17787653,17787656,mPing|non-reference|NA|nR158-L2-G2-P33-CGTGCTGG-CGATCAGC-READ1|relocate2|sr|511,0,+,nR158-L2-G2-P33-CGTGCTGG-CGATCAGC-READ1_relocate2_nonredundant.bed
NC_029266.1_17866690,17866693,mPing|non-reference|NA|nR158-L2-G2-P33-CGTGCTGG-CGATCAGC-READ1|relocate2|sr|512,0,-,nR158-L2-G2-P33-CGTGCTGG-CGATCAGC-READ1_relocate2_nonredundant.bed
NC_029266.1_19276958,19276961,mPing|non-reference|NA|nR158-L2-G2-P33-CGTGCTGG-CGATCAGC-READ1|relocate2|sr|513,0,+,nR158-L2-G2-P33-CGTGCTGG-CGATCAGC-READ1_relocate2_nonredundant.bed
NC_029266.1_19441356,19441359,mPing|non-reference|NA|nR158-L2-G2-P33-CGTGCTGG-CGATCAGC-READ1|relocate2|sr|514,0,-,nR158-L2-G2-P33-CGTGCTGG-CGATCAGC-READ1_relocate2_nonredundant.bed
NC_029266.1_19555885,19555888,mPing|non-reference|NA|nR158-L2-G2-P33-CGTGCTGG-CGATCAGC-READ1|relocate2|sr|515,0,+,nR158-L2-G2-P33-CGTGCTGG-CGATCAGC-READ1_relocate2_nonredundant.bed
NC_029266.1_20490424,20490427,mPing|non-reference|NA|nR158-L2-G2-P33-CGTGCTGG-CGATCAGC-READ1|relocate2|sr|516,0,+,nR158-L2-G2-P33-CGTGCTGG-CGATCAGC-READ1_relocate2_nonredundant.bed
NC_029266.1_21459183,21459186,mPing|non-reference|NA|nR158-L2-G2-P33-CGTGCTGG-CGATCAGC-READ1|relocate2|sr|517,0,-,nR158-L2-G2-P33-CGTGCTGG-CGATCAGC-READ1_relocate2_nonredundant.bed
NC_029266.1_23609828,23609831,mPing|non-reference|NA|nR158-L2-G2-P33-CGTGCTGG-CGATCAGC-READ1|relocate2|sr|518,0,-,nR158-L2-G2-P33-CGTGCTGG-CGATCAGC-READ1_relocate2_nonredundant.bed
NC_029266.1_24108199,24108202,mPing|non-reference|NA|nR158-L2-G2-P33-CGTGCTGG-CGATCAGC-READ1|relocate2|sr|519,0,-,nR158-L2-G2-P33-CGTGCTGG-CGATCAGC-READ1_relocate2_nonredundant.bed
NC_029266.1_24682791,24682794,mPing|non-reference|NA|nR158-L2-G2-P33-CGTGCTGG-CGATCAGC-READ1|relocate2|sr|520,0,-,nR158-L2-G2-P33-CGTGCTGG-CGATCAGC-READ1_relocate2_nonredundant.bed
NC_029266.1_25291401,25291404,mPing|non-reference|NA|nR158-L2-G2-P33-CGTGCTGG-CGATCAGC-READ1|relocate2|sr|521,0,+,nR158-L2-G2-P33-CGTGCTGG-CGATCAGC-READ1_relocate2_nonredundant.bed
NC_029266.1_25822229,25822232,mPing|non-reference|NA|nR158-L2-G2-P33-CGTGCTGG-CGATCAGC-READ1|relocate2|sr|522,0,+,nR158-L2-G2-P33-CGTGCTGG-CGATCAGC-READ1_relocate2_nonredundant.bed
NC_029267.1_332028,332031,mPing|non-reference|NA|nR158-L2-G2-P33-CGTGCTGG-CGATCAGC-READ1|relocate2|sr|523,0,+,nR158-L2-G2-P33-CGTGCTGG-CGATCAGC-READ1_relocate2_nonredundant.bed
NC_029267.1_794243,794246,mPing|non-reference|NA|nR158-L2-G2-P33-CGTGCTGG-CGATCAGC-READ1|relocate2|sr|524,0,+,nR158-L2-G2-P33-CGTGCTGG-CGATCAGC-READ1_relocate2_nonredundant.bed
NC_029267.1_2200777,2200780,mPing|non-reference|NA|nR158-L2-G2-P33-CGTGCTGG-CGATCAGC-READ1|relocate2|sr|525,0,+,nR158-L2-G2-P33-CGTGCTGG-CGATCAGC-READ1_relocate2_nonredundant.bed
NC_029267.1_2573579,2573582,mPing|non-reference|NA|nR158-L2-G2-P33-CGTGCTGG-CGATCAGC-READ1|relocate2|sr|526,0,-,nR158-L2-G2-P33-CGTGCTGG-CGATCAGC-READ1_relocate2_nonredundant.bed
NC_029267.1_3119685,3119688,mPing|non-reference|NA|nR158-L2-G2-P33-CGTGCTGG-CGATCAGC-READ1|relocate2|sr|527,0,-,nR158-L2-G2-P33-CGTGCTGG-CGATCAGC-READ1_relocate2_nonredundant.bed
NC_029267.1_3373256,3373259,mPing|non-reference|NA|nR158-L2-G2-P33-CGTGCTGG-CGATCAGC-READ1|relocate2|sr|528,0,-,nR158-L2-G2-P33-CGTGCTGG-CGATCAGC-READ1_relocate2_nonredundant.bed
NC_029267.1_3616589,3616592,mPing|non-reference|NA|nR158-L2-G2-P33-CGTGCTGG-CGATCAGC-READ1|relocate2|sr|529,0,-,nR158-L2-G2-P33-CGTGCTGG-CGATCAGC-READ1_relocate2_nonredundant.bed
NC_029267.1_4097961,4097964,mPing|non-reference|NA|nR158-L2-G2-P33-CGTGCTGG-CGATCAGC-READ1|relocate2|sr|530,0,-,nR158-L2-G2-P33-CGTGCTGG-CGATCAGC-READ1_relocate2_nonredundant.bed
NC_029267.1_4965477,4965480,mPing|non-reference|NA|nR158-L2-G2-P33-CGTGCTGG-CGATCAGC-READ1|relocate2|sr|531,0,-,nR158-L2-G2-P33-CGTGCTGG-CGATCAGC-READ1_relocate2_nonredundant.bed
NC_029267.1_6625423,6625426,mPing|non-reference|NA|nR158-L2-G2-P33-CGTGCTGG-CGATCAGC-READ1|relocate2|sr|532,0,-,nR158-L2-G2-P33-CGTGCTGG-CGATCAGC-READ1_relocate2_nonredundant.bed
NC_029267.1_7210156,7210159,mPing|non-reference|NA|nR158-L2-G2-P33-CGTGCTGG-CGATCAGC-READ1|relocate2|sr|533,0,+,nR158-L2-G2-P33-CGTGCTGG-CGATCAGC-READ1_relocate2_nonredundant.bed
NC_029267.1_7715522,7715525,mPing|non-reference|NA|nR158-L2-G2-P33-CGTGCTGG-CGATCAGC-READ1|relocate2|sr|534,0,+,nR158-L2-G2-P33-CGTGCTGG-CGATCAGC-READ1_relocate2_nonredundant.bed
NC_029267.1_8852563,8852566,mPing|non-reference|NA|nR158-L2-G2-P33-CGTGCTGG-CGATCAGC-READ1|relocate2|sr|535,0,-,nR158-L2-G2-P33-CGTGCTGG-CGATCAGC-READ1_relocate2_nonredundant.bed
NC_029267.1_9350664,9350667,mPing|non-reference|NA|nR158-L2-G2-P33-CGTGCTGG-CGATCAGC-READ1|relocate2|sr|536,0,+,nR158-L2-G2-P33-CGTGCTGG-CGATCAGC-READ1_relocate2_nonredundant.bed
NC_029267.1_10612330,10612333,mPing|non-reference|NA|nR158-L2-G2-P33-CGTGCTGG-CGATCAGC-READ1|relocate2|sr|537,0,+,nR158-L2-G2-P33-CGTGCTGG-CGATCAGC-READ1_relocate2_nonredundant.bed
NC_029267.1_10822438,10822441,mPing|non-reference|NA|nR158-L2-G2-P33-CGTGCTGG-CGATCAGC-READ1|relocate2|sr|538,0,-,nR158-L2-G2-P33-CGTGCTGG-CGATCAGC-READ1_relocate2_nonredundant.bed
NC_029267.1_14855930,14855933,mPing|non-reference|NA|nR158-L2-G2-P33-CGTGCTGG-CGATCAGC-READ1|relocate2|sr|539,0,+,nR158-L2-G2-P33-CGTGCTGG-CGATCAGC-READ1_relocate2_nonredundant.bed
NC_029267.1_17529842,17529845,mPing|non-reference|NA|nR158-L2-G2-P33-CGTGCTGG-CGATCAGC-READ1|relocate2|sr|540,0,-,nR158-L2-G2-P33-CGTGCTGG-CGATCAGC-READ1_relocate2_nonredundant.bed
NC_029267.1_17899918,17899921,mPing|non-reference|NA|nR158-L2-G2-P33-CGTGCTGG-CGATCAGC-READ1|relocate2|sr|541,0,+,nR158-L2-G2-P33-CGTGCTGG-CGATCAGC-READ1_relocate2_nonredundant.bed
NC_029267.1_19177972,19177975,mPing|non-reference|NA|nR158-L2-G2-P33-CGTGCTGG-CGATCAGC-READ1|relocate2|sr|542,0,-,nR158-L2-G2-P33-CGTGCTGG-CGATCAGC-READ1_relocate2_nonredundant.bed
NC_029267.1_21734373,21734376,mPing|non-reference|NA|nR158-L2-G2-P33-CGTGCTGG-CGATCAGC-READ1|relocate2|sr|543,0,+,nR158-L2-G2-P33-CGTGCTGG-CGATCAGC-READ1_relocate2_nonredundant.bed
NC_029267.1_21853660,21853663,mPing|non-reference|NA|nR158-L2-G2-P33-CGTGCTGG-CGATCAGC-READ1|relocate2|sr|544,0,+,nR158-L2-G2-P33-CGTGCTGG-CGATCAGC-READ1_relocate2_nonredundant.bed
NC_029267.1_22672022,22672025,mPing|non-reference|NA|nR158-L2-G2-P33-CGTGCTGG-CGATCAGC-READ1|relocate2|sr|545,0,-,nR158-L2-G2-P33-CGTGCTGG-CGATCAGC-READ1_relocate2_nonredundant.bed
NC_029267.1_23877482,23877485,mPing|non-reference|NA|nR158-L2-G2-P33-CGTGCTGG-CGATCAGC-READ1|relocate2|sr|546,0,+,nR158-L2-G2-P33-CGTGCTGG-CGATCAGC-READ1_relocate2_nonredundant.bed
NC_029267.1_24471263,24471266,mPing|non-reference|NA|nR158-L2-G2-P33-CGTGCTGG-CGATCAGC-READ1|relocate2|sr|547,0,+,nR158-L2-G2-P33-CGTGCTGG-CGATCAGC-READ1_relocate2_nonredundant.bed
NC_029267.1_24587182,24587185,mPing|non-reference|NA|nR158-L2-G2-P33-CGTGCTGG-CGATCAGC-READ1|relocate2|sr|548,0,-,nR158-L2-G2-P33-CGTGCTGG-CGATCAGC-READ1_relocate2_nonredundant.bed
NC_029267.1_24595105,24595108,mPing|non-reference|NA|nR158-L2-G2-P33-CGTGCTGG-CGATCAGC-READ1|relocate2|sr|549,0,-,nR158-L2-G2-P33-CGTGCTGG-CGATCAGC-READ1_relocate2_nonredundant.bed
NC_029267.1_24878755,24878758,mPing|non-reference|NA|nR158-L2-G2-P33-CGTGCTGG-CGATCAGC-READ1|relocate2|sr|550,0,-,nR158-L2-G2-P33-CGTGCTGG-CGATCAGC-READ1_relocate2_nonredundant.bed
NC_029267.1_26260876,26260879,mPing|non-reference|NA|nR158-L2-G2-P33-CGTGCTGG-CGATCAGC-READ1|relocate2|sr|551,0,-,nR158-L2-G2-P33-CGTGCTGG-CGATCAGC-READ1_relocate2_nonredundant.bed
NC_029267.1_26261129,26261132,mPing|non-reference|NA|nR158-L2-G2-P33-CGTGCTGG-CGATCAGC-READ1|relocate2|sr|552,0,-,nR158-L2-G2-P33-CGTGCTGG-CGATCAGC-READ1_relocate2_nonredundant.bed
NC_029267.1_26642872,26642875,mPing|non-reference|NA|nR158-L2-G2-P33-CGTGCTGG-CGATCAGC-READ1|relocate2|sr|553,0,-,nR158-L2-G2-P33-CGTGCTGG-CGATCAGC-READ1_relocate2_nonredundant.bed
NC_029267.1_27036150,27036153,mPing|non-reference|NA|nR158-L2-G2-P33-CGTGCTGG-CGATCAGC-READ1|relocate2|sr|554,0,+,nR158-L2-G2-P33-CGTGCTGG-CGATCAGC-READ1_relocate2_nonredundant.bed
